–¢–µ–∫—Å—Ç;–ö–ª–∞—Å—Å–∏—Ñ–∏–∫–∞—Ü–∏—è
–ü–æ—á–µ–º—É –ö–æ—Ä–æ–ª–µ–≤ –ù–∏–∫–æ–ª–∞–π –ê–Ω–∞—Ç–æ–ª—å–µ–≤–∏—á —Ç–∞–∫–æ–µ —Ö—É–π–ª–æ? –ï–≥–æ –≤ –¥–µ—Ç—Å—Ç–≤–µ –ø–∏–∑–¥–∏–ª–∏ –∏–ª–∏ —á—Ç–æ?;–ü—Ä–æ–≤–µ—Ä–∏—Ç—å –≤—Ä—É—á–Ω—É—é
–†–µ–±—è—Ç,–°–ü–û ,–≥–¥–µ –Ω–∞–π—Ç–∏ —Å–ø–∏—Å–æ–∫ –¥–æ–∫—É–º–µ–Ω—Ç–æ–≤ –¥–ª—è –ø–æ—Å—Ç—É–ø–ª–µ–Ω–∏—è –Ω–∞ —Å–µ—Å—Ç—Ä–∏–Ω—Å–∫–æ–µ –¥–µ–ª–æ?–í —Ä–∞–∑–¥–µ–ª–µ –ø–æ—Å—Ç—É–ø–∞—é—â–∏–º –Ω–µ –¥–∞—ë—Ç –æ—Ç–∫—Ä—ã—Ç—å, –ø–∏—à–µ—Ç –Ω–µ–¥–æ—Å—Ç–∞—Ç–æ—á–Ω–æ –ø—Ä–∞–≤ –¥–æ—Å—Ç—É–ø–∞ —Ç–∞–∫ –∂–µ –∏ —Å –∑–∞—è–≤–ª–µ–Ω–∏—è–º–∏.;–ü—Ä–æ–≤–µ—Ä–∏—Ç—å –≤—Ä—É—á–Ω—É—é
–ü–æ—á–µ–º—É –ú*–ò –¥–Ω–æ? –¢—ã –ø—Ä–æ—Å—Ç–æ —É—á–∏—à—å—Å—è –≤ –∏–Ω—Å—Ç–∏—Ç—É—Ç–µ (–Ω–µ –∫–∞–∫–æ–º-—Ç–æ –£—Å—Ç—å-–£—Ä—é–ø–∏–Ω—Å–∫–æ–º, –∞ —Ñ–µ–¥–µ—Ä–∞–ª—å–Ω–æ–º –∏ —Å—Ç–æ–ª–∏—á–Ω–æ–º, –≥–¥–µ –ø—Ä–∏–ª–µ–∂–Ω–∞—è —É—á—ë–±–∞ –≤ –ø–æ—Ä—è–¥–∫–µ –≤–µ—â–µ–π –¥–æ–ª–∂–Ω–∞ –±—ã—Ç—å!) –∏ –ø—Ä–æ—Å—Ç–æ –ø–∏—à–µ—à—å —Ç—É—Ç –ø—Ä–æ—Å—Ç–æ –¥–∏–ø–ª–æ–º ‚Äî –∏ —Ç—ã —É–∂–µ –≤—ã–¥–µ–ª—è–µ—à—å—Å—è –∏–∑ –æ–±—â–µ–π –º–∞—Å—Å—ã —Å—Ç—É–¥–µ–Ω—Ç–æ–≤. –ü—Ä–∏—á—ë–º —Ç–µ–±—è –∑–∞ —ç—Ç–æ –µ—â—ë –∏ –ø–æ—Ä–∏—Ü–∞—Ç—å —É–º—É–¥—Ä—è—é—Ç—Å—è.;–ù–µ –º—É—Å–æ—Ä
"–ê–Ω–æ–Ω 
–£ –º–µ–Ω—è –∫—Ä–∏–∫ –¥—É—à–∏ , –ø–æ—á–µ–º—É –≤ –±—É—Ñ–µ—Ç–µ 15 –∫–æ—Ä–ø—É—Å–∞, –æ–≥—Ä–æ–º–Ω–∞—è –æ—á–µ—Ä–µ–¥—å, –∞ –±—É—Ñ–µ—Ç—á–∏—Ü–∞ —Ä–∞—Å–∫–ª–∞–¥—ã–≤–∞–µ—Ç –±—É–ª–∫–∏ –Ω–∞ –≤–∏—Ç—Ä–∏–Ω–µ, —Ç–∞–º –∂–µ –µ—Å—Ç—å —Ü–µ–Ω–Ω–∏–∫–∏, –≤—Å–µ –≤–∏–¥—è—Ç –∫–∞–∫–∏–µ –±—É–ª–∫–∏ –µ—Å—Ç—å. –ù—É –±—É–¥–µ—Ç –∂–µ —Ü–µ–ª–∞—è –ø–∞—Ä–∞ —á—Ç–æ–±—ã —Ä–∞–∑–ª–æ–∂–∏—Ç—å –∏—Ö, –ø–æ—á–µ–º—É –Ω—É–∂–Ω–æ –¥–µ–ª–∞—Ç—å —ç—Ç–æ –Ω–∞ –ø–µ—Ä–µ–º–µ–Ω–µ, –∫–æ–≥–¥–∞ –æ–≥—Ä–æ–º–Ω–∞—è –æ—á–µ—Ä–µ–¥—å? –ò–Ω–æ–≥–¥–∞ —Å—Ç–æ–∏—à—å –≤—Å—é –ø–µ—Ä–µ–º–µ–Ω—É –≤ –æ—á–µ—Ä–µ–¥–∏, –∏ —Ç–∞–∫ –∏ –Ω–µ —É—Å–ø–µ–≤–∞–µ—à—å –∫—É–ø–∏—Ç—å –ø–æ–∫—É—à–∞—Ü ü•∫ü•∫ü•∫üò≠üò≠üò≠üòîüòîüòî";–ù–µ –º—É—Å–æ—Ä
"–£–≤–∞–∂–∞–µ–º—ã–µ –±–∞—É–º–∞–Ω—Ü—ã! –î–∞–≤–∞–π—Ç–µ –ø–æ–±–ª–∞–≥–æ–¥–∞—Ä–∏–º –ø—Ä–µ–ø–æ–¥–∞–≤–∞—Ç–µ–ª–µ–π, –∫–æ—Ç–æ—Ä—ã–µ –≥—Ä–∞–º–æ—Ç–Ω–æ –∏ —É–≤–ª–µ—á—ë–Ω–Ω–æ –æ–±—ä—è—Å–Ω—è—é—Ç —Å–≤–æ–π –ø—Ä–µ–¥–º–µ—Ç.
–ù–∞ –ø–∞—Ä–∞—Ö –∫–æ—Ç–æ—Ä—ã—Ö –≤—Å–µ–≥–¥–∞ –∏–Ω—Ç–µ—Ä–µ—Å–Ω–æ. –ù–∞ –∏—Ö –∑–∞–Ω—è—Ç–∏—è –ø–æ—Å—Ç–æ—è–Ω–Ω–æ —Ö–æ—á–µ—Ç—Å—è —Ö–æ–¥–∏—Ç—å –∏ –ø–æ–ª—É—á–∞—Ç—å –±–µ—Å—Ü–µ–Ω–Ω—ã–µ –∑–Ω–∞–Ω–∏—è –∏ –æ–ø—ã—Ç. –°–ø—Ä–∞–≤–µ–¥–ª–∏–≤—ã–µ –∏ –æ–±—ä–µ–∫—Ç–∏–≤–Ω—ã–µ –≤ –æ—Ü–µ–Ω–∏–≤–∞–Ω–∏—è —Å—Ç—É–¥–µ–Ω—Ç–æ–≤. –ü–æ–Ω–∏–º–∞—é—â–∏–µ, –≤–Ω–∏–º–∞—Ç–µ–ª—å–Ω—ã–µ, —Ç–∞–∫—Ç–∏—á–Ω—ã–µ –∫ —Å—Ç—É–¥–µ–Ω—Ç–∞–º.
–ò—Å–∫—Ä–µ–Ω–Ω–µ - –°–ø–∞—Å–∏–±–æ –í–∞–º!";–ú—É—Å–æ—Ä
–ß—Ç–æ –¥–µ–ª–∞—Ç—å,–µ—Å–ª–∏ –Ω–µ –ø—Ä–∏—à–ª–∞ —Å—Ç–∏–ø–µ–Ω–¥–∏—è? –¢—Ä–æ–µ–∫ –Ω–µ—Ç;–ü—Ä–æ–≤–µ—Ä–∏—Ç—å –≤—Ä—É—á–Ω—É—é
–ö—É–¥–∞ –æ–±—Ä–∞—Ç–∏—Ç—å—Å—è —Å –∂–∞–ª–æ–±–æ–π –Ω–∞ —Ä–∞–±–æ—Ç—É –∫—Ü? –° –∏–Ω—Ç–µ—Ä–Ω–µ—Ç–æ–º –ø–æ—Å—Ç–æ—è–Ω–Ω–æ –±–µ–¥–∞. –ê –º—ã –∏–º –Ω–µ –∑–∞ —Å–ø–∞—Å–∏–±–æ –ø–æ–ª—å–∑—É–µ–º—Å—è. –ü–æ –Ω–æ–º–µ—Ä—É –ø–æ–¥–¥–µ—Ä–∂–∫–∏ –æ—Ç–≤–µ—á–∞–µ—Ç –∂–µ–Ω—à–∏–Ω–∞, –∫–æ—Ç–æ—Ä–∞—è –≤–æ–æ–±—â–µ –Ω–∏—á–µ–≥–æ –Ω–µ –∑–Ω–∞–µ—Ç, –Ω–∞ –≤—Å–µ –≤–æ–ø—Ä–æ—Å—ã –æ—Ç–≤–µ—á–∞–µ—Ç: ¬´–ê —É –º–µ–Ω—è —Ç–æ–∂–µ –Ω–µ —Ä–∞–±–æ—Ç–∞–µ—Ç¬ª.;–ù–µ –º—É—Å–æ—Ä
"–†–µ–±—è—Ç, –ø—Ä–∏–≤–µ—Ç. 
–ê —Å–∞–π—Ç—ã —Å–∫–æ—Ä–æ –∑–∞—Ä–∞–±–æ—Ç–∞—é—Ç –∏–ª–∏ —ç—Ç–æ –¥–æ –∫–æ–Ω—Ü–∞ —Å–¥–∞—á–∏ –¥–∏–ø–ª–æ–º–æ–≤ –±—É–¥–µ—Ç –ø–æ–≤—Ç–æ—Ä—è—Ç—å—Å—è? 
–ê —Ç–æ –º–∞–≥–∏—Å—Ç—Ä–∞–Ω—Ç—ã —Ä–∞—Å—Å–∫–∞–∑—ã–≤–∞—é—Ç, –∫–∞–∫ –≤ –∏—Ö –≤—Ä–µ–º–µ–Ω–∞ —Å–∞–π—Ç –ª–µ–∂–∞–ª –Ω–µ–¥–µ–ª—è–º–∏, –∞ –¥–∏–ø–ª–æ–º—ã –∏ –∫—É—Ä—Å–æ–≤—ã–µ —Ä–∞–±–æ—Ç—ã —Å–¥–∞–≤–∞–ª–∏—Å—å —Å –¥–∏—Å–∫–æ–Ω—Ç–æ–º –±–∞–ª–ª–æ–≤ –∑–∞ —Ç–æ, —á—Ç–æ –Ω–µ –ø—Ä–∏–∫—Ä–µ–ø–ª–µ–Ω—ã –Ω–∞ —Å–∞–π—Ç–µ.";–ü—Ä–æ–≤–µ—Ä–∏—Ç—å –≤—Ä—É—á–Ω—É—é
"–†–µ–±—è—Ç, –ø—Ä–∏–≤–µ—Ç. 
–ê —Å–∞–π—Ç—ã —Å–∫–æ—Ä–æ –∑–∞—Ä–∞–±–æ—Ç–∞—é—Ç –∏–ª–∏ —ç—Ç–æ –¥–æ –∫–æ–Ω—Ü–∞ —Å–¥–∞—á–∏ –¥–∏–ø–ª–æ–º–æ–≤ –±—É–¥–µ—Ç –ø–æ–≤—Ç–æ—Ä—è—Ç—å—Å—è? 
–ê —Ç–æ –º–∞–≥–∏—Å—Ç—Ä–∞–Ω—Ç—ã —Ä–∞—Å—Å–∫–∞–∑—ã–≤–∞—é—Ç, –∫–∞–∫ –≤ –∏—Ö –≤—Ä–µ–º–µ–Ω–∞ —Å–∞–π—Ç –ª–µ–∂–∞–ª –Ω–µ–¥–µ–ª—è–º–∏, –∞ –¥–∏–ø–ª–æ–º—ã –∏ –∫—É—Ä—Å–æ–≤—ã–µ —Ä–∞–±–æ—Ç—ã —Å–¥–∞–≤–∞–ª–∏—Å—å —Å –¥–∏—Å–∫–æ–Ω—Ç–æ–º –±–∞–ª–ª–æ–≤ –∑–∞ —Ç–æ, —á—Ç–æ –Ω–µ –ø—Ä–∏–∫—Ä–µ–ø–ª–µ–Ω—ã –Ω–∞ —Å–∞–π—Ç–µ.";–ü—Ä–æ–≤–µ—Ä–∏—Ç—å –≤—Ä—É—á–Ω—É—é
–ú–æ–∂–µ—Ç –∫—Ç–æ-–Ω–∏–±—É–¥—å –∑–Ω–∞–µ—Ç –º–æ–∂–µ—Ç –ª–∏ —Ä–æ–¥—Å—Ç–≤–µ–Ω–Ω–∏–∫ –ø—Ä–∏–µ—Ö–∞—Ç—å –≤ –æ–±—â–∞–≥—É –∏ –∂–∏—Ç—å –≤–º–µ—Å—Ç–µ —Å–æ –º–Ω–æ–π –≤ –∫–æ–º–Ω–∞—Ç–µ?;–ü—Ä–æ–≤–µ—Ä–∏—Ç—å –≤—Ä—É—á–Ω—É—é
"–ü—Ä–∏–≤–µ—Ç—Å—Ç–≤—É—é, —Ö–æ—á—É —Å–∫–∞–∑–∞—Ç—å, —á—Ç–æ –≥–ª—É–±–æ–∫–æ —Ä–∞–∑–æ—á–∞—Ä–æ–≤–∞–Ω –±–∞—É–º–∞–Ω–∫–æ–π. –î–µ–ª–æ –≤ —Ç–æ–º, —á—Ç–æ –Ω–∞ –ø—Ä–æ—Ç—è–∂–µ–Ω–∏–∏ –º–Ω–æ–≥–∏—Ö –ª–µ—Ç –º–Ω–µ –≤—ã–¥–∞–ª–±–ª–∏–≤–∞–ª–∏ –∫–∞–∫–æ–π —ç—Ç–æ –∫—Ä—É—Ç–æ–π –í–£–ó –∏ –≤—Å—ë —Ç–∞–∫–æ–µ. –ò—Ç–∞–∫ –æ–±–æ –≤—Å–µ–º –ø–æ –ø–æ—Ä—è–¥–∫—É.
–°–µ–π—á–∞—Å —è —É—á—É—Å—å –Ω–∞ –ø–µ—Ä–≤–æ–º –∫—É—Ä—Å–µ. –í —Ç–µ—á–µ–Ω–∏–µ —Å–µ–º–µ—Å—Ç—Ä–∞ –Ω–µ –º–æ–≥ –ø–æ—Å–µ—â–∞—Ç—å –∑–∞–Ω—è—Ç–∏—è –ø–æ –ª–∏—á–Ω—ã–º –ø—Ä–∏—á–∏–Ω–∞–º. –ù–∞ –ø—Ä–æ—à–ª–æ–π –Ω–µ–¥–µ–ª–µ —è —Ö–æ–¥–∏–ª –æ—Ç—Ä–∞–±–∞—Ç—ã–≤–∞—Ç—å –ª–∞–±—ã (–ø–æ—á–µ–º—É –∏—Ö –Ω–µ–ª—å–∑—è –±—ã–ª–æ –æ—Ç—Ä–∞–±–æ—Ç–∞—Ç—å –Ω–µ –ø—Ä–∏—Ö–æ–¥—è –≤ –≤—É–∑ —Ç–∞–∫ –∏ –Ω–µ –ø–æ–Ω—è–ª, –≤—Å—ë —Ä–∞–≤–Ω–æ –¥–∞–Ω–Ω—ã–µ —É –≤—Å–µ—Ö +- –æ–¥–Ω–∏ –∏ —Ç–µ –∂–µ). –ù–æ —ç—Ç–æ –ª–∞–¥–Ω–æ, –∫–∞–∫ –≥–æ–≤–æ—Ä–∏—Ç—Å—è - –≤ –∫–∞–∂–¥–æ–π –∏–∑–±—É—à–∫–µ —Å–≤–æ–∏ –ø–æ–≥—Ä–µ–º—É—à–∫–∏. 
–Ø –ø—Ä–∏—Ö–æ–∂—É –æ—Ç—Ä–∞–±–∞—Ç—ã–≤–∞—Ç—å –ª–∞–±—É, –∞ –Ω–µ –≥–æ—Ç–æ–≤–æ –ù–∏–ß–µ–ì–æ, —Å–ø—Ä–∞—à–∏–≤–∞—é –ª–∞–±–æ—Ä–∞–Ω—Ç–∞, –ø–æ—á–µ–º—É –Ω–µ —Å–æ–±—Ä–∞–Ω–∞ —É—Å—Ç–∞–Ω–æ–≤–∫–∞. –¢–∞–∫ –æ–Ω –º–Ω–µ –≤ –æ—Ç–≤–µ—Ç –Ω–∞—á–∏–Ω–∞–∞–µ—Ç –∫–∞–∫–∏–µ-—Ç–æ –±—É–º–∞–∂–∫–∏ –ø–∏—Ö–∞—Ç—å. –ß–µ–ª, —ç—Ç–∞ –∏–Ω—Å—Ç—Ä—É–∫—Ü–∏—è –¥–ª—è —Ç–µ–±—è, —Ç—ã —Ç—É—Ç —Ä–∞–±–æ—Ç–∞–µ—à—å –Ω–µ —è. 
–í—ã –ø–æ–Ω–∏–º–∞–µ—Ç–µ, –ù–ò–ß–ï–ì–û –Ω–µ —Å–æ–±—Ä–∞–Ω–æ! –¢–∞–∫–æ–≥–æ –¥–∞–∂–µ –≤ —à–∫–æ–ª–µ –Ω–µ –±—ã–ª–æ –Ω–∏–∫–æ–≥–¥–∞.

–ù–æ –ø–æ—Ç–æ–º –¥–æ –º–µ–Ω—è –¥–æ—à–ª–æ, –æ–Ω–∏ –ø—Ä–æ—Å—Ç–æ –Ω–µ –∑–Ω–∞—é—Ç –∫–∞–∫ —ç—Ç–æ –ø–æ–¥–∫–ª—é—á–∞—Ç—å.–ó–∞–¥—É–º–∞–π—Ç–µ—Å—å –ø—Ä–æ—Å—Ç–æ! –°–æ—Ç—Ä—É–¥–Ω–∏–∫ —Ç–µ—Ö–Ω–∏—á–µ—Å–∫–æ–≥–æ –≤—É–∑–∞ –Ω–µ –º–æ–∂–µ—Ç —Ä–∞–∑–æ–±—Ä–∞—Ç—å—Å—è –≤ –∏–Ω—Å—Ç—Ä—É–∫—Ü–∏–∏ –∫ —Ä–∞–±–æ—Ç–µ, –Ω–∞ –∫–æ—Ç–æ—Ä—É—é —É –º–µ–Ω—è —É—à–ª–æ –≤—Å–µ–≥–æ 34–º–∏–Ω—É—Ç—ã –∏ 30—Å–µ–∫—É–Ω–¥ (—è –∑–∞—Å–µ–∫–∞–ª). –ò —ç—Ç–æ –ø—Ä–∏ —Ç–æ–º, —á—Ç–æ –≤–∏–¥–µ–ª —è —ç—Ç—É ""–º–µ—Ç–æ–¥–∏—á–∫—É"" –≤–ø–µ—Ä–≤—ã–µ –≤ –∂–∏–∑–Ω–∏. –í–º–µ—Å—Ç–æ —Ç–æ–≥–æ —á—Ç–æ –±—ã –¥–µ–ª–∞—Ç—å —Å–≤–æ—é —Ä–∞–±–æ—Ç—É, —ç—Ç–æ—Ç –ª–∞–±–æ—Ä–∞–Ω—Ç —Å–µ–ª –∑–∞ –∫–æ–º–ø –∑–∞–ø–æ–ª–Ω—è—Ç—å –∫–∞–∫–∏–µ-—Ç–æ —Ç–∞–º —Ç–∞–±–ª–∏—Ü—ã –∏ –∏–∑—Ä–µ–¥–∫–∞ –±—Ä–æ–¥–∏–ª –∞—É–¥–∏—Ç–æ—Ä–∏–∏. –ß—ë –∑–∞ —Ç—Ä—ç—à??!

 –õ–∞–¥–Ω–æ, —è –ø–æ–¥—É–º–∞–ª, —á—Ç–æ –ø—Ä–µ–ø–æ–¥—ã –≤—Å—Ç—Ä–µ—á–∞—é—Ç—Å—è —Ä–∞–∑–Ω—ã–µ, –Ω–∞–º –ø—Ä–æ—Å—Ç–æ –Ω–µ –ø–æ–≤–µ–∑–ª–æ –∏ –≤—Å—ë, –Ω–æ —Å–µ–≥–æ–¥–Ω—è —É –Ω–∞—Å –±—ã–ª —ç–∫–∑ –∏ —Ç–∞–º –±—ã–ª–æ —Ç–æ –∂–µ —Å–∞–º–æ–µ. –ú–∞–ª–æ —Ç–æ–≥–æ, —á—Ç–æ –ø—Ä–µ–ø–æ–¥ –∑–∞–ø—Ä–µ—Ç–∏–ª –ø–æ–ª—å–∑–æ–≤–∞—Ç—å—Å—è —Ç–µ–ª–µ—Ñ–æ–Ω–æ–º (!), –ø–æ—Å–ª–µ —ç–∫–∑–∞ –æ–Ω —Å–∫–∞–∑–∞–ª –Ω–µ —Ä–∞—Å—Ö–æ–¥–∏—Ç—Å—è –∏ —É–∑–Ω–∞–≤–∞–ª, —á—Ç–æ –∂–µ —É –Ω–∞—Å –Ω–∞–ø–∏—Å–∞–Ω–æ –≤ —Ä–∞–±–æ—Ç–∞—Ö! –ß–µ–ª, –Ω—É –µ—Å–ª–∏ —Ç—ã –Ω–µ –ø–æ–Ω–∏–º–∞–µ—à—å, —á—Ç–æ —É –Ω–∞—Å —Ç—É—Ç –Ω–∞–ø–∏—Å–∞–Ω–æ, –∑–Ω–∞—á–∏—Ç –∑–∞–≥—É–≥–ª–∏ –±–ª–∏–Ω, –∞ –Ω–µ –¥–æ–ø—Ä–∞—à–∏–≤–∞–π –∫–∞–∂–¥–æ–≥–æ —Å—Ç—É–¥–µ–Ω—Ç–∞, –º—ã –≤–æ–æ–±—â–µ-—Ç–æ –Ω–µ –æ–±—è–∑–∞–Ω—ã —Ç–µ–±—è –æ–±—É—á–∞—Ç—å! –£ –Ω–∞—Å —Å–≤–æ–∏ –¥–µ–ª–∞ –µ—Å—Ç—å. –ö–∞—Ä–æ—á, –æ–Ω –º–µ–Ω—è —Å–ø—Ä–∞—à–∏–≤–∞–µ—Ç, —á—Ç–æ –∑–¥–µ—Å—å –∑–Ω–∞—á–∏—Ç dx, –∞ —è –ø—Ä–æ—Å—Ç–æ –æ—Ö—Ä–µ–Ω–µ–ª, —Ç–æ –µ—Å—Ç—å —á–µ–ª–æ–≤–µ–∫ –Ω–µ –∑–Ω–∞–µ—Ç –≠–õ–ï–ú–ï–ù–¢–ê–†–ù–´–• –í–ï–©–ï–ô!!. –í –æ–±—â–µ–º —è –Ω–∞—Å—Ç–æ–ª—å–∫–æ –æ—à–∞–ª–µ–ª —á—Ç–æ –ø—Ä–æ—Å—Ç–æ —Å–∏–∂—É –∏ –º–æ–ª—á—É, –∞ –æ–Ω —Ç–∞–∫–æ–π - –ª–∞–¥–Ω–æ, –¥–∞–≤–∞–π—Ç–µ —Å —á–µ–≥–æ –ø–æ–ø—Ä–æ—â–µ, —á—Ç–æ —Ç–∞–∫–æ–µ –≤–µ–∫—Ç–æ—Ä - —Ç—É—Ç —è –ø—Ä–æ—Å—Ç–æ –≤—ã–ø–∞–ª, —Ç–æ –µ—Å—Ç—å —á–µ–ª–æ–≤–µ–∫ –ø—Ä–µ–ø–æ–¥–∞–µ—Ç –º–∞—Ç–µ–º–∞—Ç–∏–∫—É –∏ –Ω–µ –∑–Ω–∞–µ—Ç —á—Ç–æ —Ç–∞–∫–æ–µ –≤–µ–∫—Ç–æ—Ä - —á–µ–ª –Ω–µ –∑–Ω–∞–µ—à—å –ó–ê–ì–£–ì–õ–ò!! –ó–∞—á–µ–º —ç—Ç–æ —É–∑–Ω–∞–≤–∞—Ç—å —É —Å—Ç—É–¥–µ–Ω—Ç–æ–≤?? –ó–∞—á–µ–º –≤—ã—Å—Ç–∞–≤–ª—è—Ç—å –Ω–∞ –ø–æ–∫–∞–∑, —á—Ç–æ —Ç—ã –Ω–µ—É—á?? –¢—ã –∏—Ö —É—á–∏—Ç—å –¥–æ–ª–∂–µ–Ω, –∞ –Ω–µ –æ–Ω–∏ —Ç–µ–±—è. –í –æ–±—â–µ–º —è —Å–∏–∂—É, –º–æ–ª—á—É –æ—Ö—Ä–µ–Ω–µ–≤–∞—é, –∞ –ø–æ—Ç–æ–º –¥–æ –º–µ–Ω—è –¥–æ—Ö–æ–¥–∏—Ç –≤—Å—è —Å–∏—Ç—É–∞—Ü–∏—è, —è –ø—Ä–æ—Å—Ç–æ –≤—Å—Ç–∞—é –∏ —É—Ö–æ–∂—É. –ù–µ—Ç —É –º–µ–Ω—è –≤—Ä–µ–º–µ–Ω–∏ –Ω–µ—É—á–µ–π –ø—Ä–µ–ø–æ–¥–æ–≤ —É—á–∏—Ç—å.
–ü—Ä–æ—Å—Ç–æ —É–∂–∞—Å–Ω–æ! –ò —á—Ç–æ –±—ã –≤—ã –ø–æ–Ω–∏–º–∞–ª–∏, –æ–Ω –º–∞–ª–æ —Ç–æ–≥–æ —á—Ç–æ –≤–∏–¥–∏–º–æ –Ω–µ—É—á, —É –Ω–µ–≥–æ –∏ —Å –ø–∞–º—è—Ç—å—é –∫–∞–∫–∏–µ-—Ç–æ –ø—Ä–æ–±–ª–µ–º—ã, —è –ø–æ—Ç–æ–º —É–∑–Ω–∞–≤–∞–ª —É –æ–¥–Ω–æ–≥—Ä—É–ø–ø–Ω–∏–∫–æ–≤ - –æ–Ω –∑–∞–¥–∞–≤–∞–ª –∏–º —Ç–µ –∂–µ –≤–æ–ø—Ä–æ—Å—ã!! –¢–æ –µ—Å—Ç—å –æ–Ω –Ω–µ —Å–ø–æ—Å–æ–±–µ–Ω –∑–∞–ø–æ–º–Ω–∏—Ç—å –ø–∞—Ä—É –æ–ø—Ä–µ–¥–µ–ª–µ–Ω–∏–π –∏ –ø—ã—Ç–∞–ª—Å—è –≤—ã—è—Å–Ω–∏—Ç—å –∏—Ö —É —Å—Ç—É–¥–µ–Ω—Ç–æ–≤ –ø–æ—Å–ª–µ –≤—ã–ø–æ–ª–Ω–µ–Ω–∏—è —ç–∫–∑–∞–º–µ–Ω–∞!

–ü–æ –∏—Ç–æ–≥—É, –∑–∞—Ö–æ–∂—É –≤ –≠–£, –∞ —É –º–µ–Ω—è —Ç–∞–º —Å—Ç–æ–∏—Ç 2 –∑–∞ —ç–∫–∑. –¢–æ –µ—Å—Ç—å –ø—Ä–µ–ø–æ–¥ –Ω–∞—Ç—É—Ä–∞–ª—å–Ω–æ –∑–∞ —Ç–æ —á—Ç–æ —è –µ–≥–æ –æ—Ç–∫–∞–∑–∞–ª—Å—è —É—á–∏—Ç—å –ø–æ—Å—Ç–∞–≤–∏–ª –º–Ω–µ –≤–º–µ—Å—Ç–æ 5 –¥—Ä—É–≥—É—é –æ—Ü–µ–Ω–∫—É - 2 –∏ —è —Ç–µ–ø–µ—Ä—å –≥–∞—Ä–∞–Ω—Ç–∏—Ä–æ–≤–∞–Ω–Ω–æ –±–µ–∑ –°–¢–ò–ü–£–•–ò!!!!

–ö–∞—Ä–æ—á, —Ç—Ä—ç—à –∏ —É–∂–∞—Å, –¥—É–º–∞—é –æ—Ç—á–∏—Å–ª—è—Ç—å—Å—è, –Ω–∞ —Å—Ç–∞—Ä—à–∏—Ö –∫—É—Ä—Å–∞—Ö —Ç–∞–∫–æ–π –∂–µ —É–∂–∞—Å –∑–Ω–∞–µ—Ç –∫—Ç–æ?

–ê–Ω–æ–Ω";–ü—Ä–æ–≤–µ—Ä–∏—Ç—å –≤—Ä—É—á–Ω—É—é
–£ –º–µ–Ω—è iq —É–ø–∞–ª –ø–æ—Å–ª–µ –Ω–µ—Å–∫–æ–ª—å–∫–∏—Ö –º–µ—Å—è—Ü–µ–≤ –æ–±—É—á–µ–Ω–∏—è –≤ —ç—Ç–æ–º —É–Ω–∏–≤–µ—Ä–µ. –ß—Ç–æ –∂–µ –±—É–¥–µ—Ç –¥–∞–ª—å—à–µ?;–ù–µ –º—É—Å–æ—Ä
–û–ø—É–±–ª–∏–∫—É–π—Ç–µ, –ø–æ–∂–∞–ª—É–π—Å—Ç–∞, –ø–æ—Ç–æ–º—É —á—Ç–æ –Ω–µ –≤–æ–∑–º–æ–∂–Ω–æ –±–æ–ª—å—à–µ!!! –ü—Ä–µ–¥–º–µ—Ç –ù–∞–ª–æ–≥–æ–æ–±–ª–æ–∂–µ–Ω–∏–µ. –ü—Ä–æ–≤–µ—Ä–∫–∞ –ø—Ä–∞–∫—Ç–∏—á–µ—Å–∫–æ–π —Ä–∞–±–æ—Ç—ã –≤–µ–¥–µ—Ç—Å—è –ú–µ—Å—è—Ü–∞–º–∏. –ü–æ–ª–∞–≥–∞—é, —Ä–∞–∑ –≤ –º–µ—Å—è—Ü –ø—Ä–µ–ø–æ–¥–∞–≤–∞—Ç–µ–ª—å –∑–∞—Ö–æ–¥–∏—Ç –≤ –ø—Ä–µ–¥–º–µ—Ç –æ—Ç–∫—Ä—ã–≤–∞–µ—Ç –ø—Ä–∞–∫—Ç–∏—á–µ—Å–∫—É—é, –≤–æ–∑–≤—Ä–∞—â–∞–µ—Ç —Å –∫–æ–º–º–µ–Ω—Ç–∞—Ä–∏–µ–º, —á—Ç–æ –Ω–µ –ø–æ–ª–Ω–æ—Å—Ç—å—é —Ä–µ—à–µ–Ω–∞ –ø–µ—Ä–≤–∞—è –∑–∞–¥–∞—á–∞. –û—Ç–ø—Ä–∞–≤–ª—è—é –Ω–æ–≤–æ–µ —Ä–µ—à–µ–Ω–∏–µ. –ß–µ—Ä–µ–∑ –º–µ—Å—è—Ü –≤—Å–µ –ø–æ–≤—Ç–æ—Ä—è–µ—Ç—Å—è, —Ç–æ–ª—å–∫–æ —É–∂–µ –ø—Ä–æ–±–ª–µ–º–∞ —Å–æ –≤—Ç–æ—Ä–æ–π –∑–∞–¥–∞—á–µ–π, —Ç—Ä–µ—Ç—å–µ–π, —á–µ—Ç–≤–µ—Ä—Ç–æ–π ..... –∏ —Ç–∞–∫ –¥–∞–ª–µ–µ. –°–¥–∞—Ç—å –ø—Ä–µ–¥–º–µ—Ç –∑–∞ –≤–µ—Å—å –ø–µ—Ä–∏–æ–¥ —Å–µ–º–µ—Å—Ç—Ä–∞ –Ω–µ –ø–æ–ª—É—á–∞–µ—Ç—Å—è. –£—Ç–æ—á–Ω—è—é—â–∏–µ –≤–æ–ø—Ä–æ—Å—ã –ø–æ –ª–µ–∫—Ü–∏—è–º??!!! –ó–∞–±—É–¥—å—Ç–µ! –ù–∞ –Ω–∏—Ö –í–∞–º –≤–æ–æ–±—â–µ –Ω–∏–∫–æ–≥–¥–∞ –Ω–µ –æ—Ç–≤–µ—Ç—è—Ç. –ß—Ç–æ —ç—Ç–æ –∑–∞ –æ–±—É—á–µ–Ω–∏–µ —Ç–∞–∫–æ–µ? –ê? –ê–Ω–æ–Ω–∏–º–Ω–æ.;–ü—Ä–æ–≤–µ—Ä–∏—Ç—å –≤—Ä—É—á–Ω—É—é
–û–ø—É–±–ª–∏–∫—É–π—Ç–µ, –ø–æ–∂–∞–ª—É–π—Å—Ç–∞, –ø–æ—Ç–æ–º—É —á—Ç–æ –Ω–µ –≤–æ–∑–º–æ–∂–Ω–æ –±–æ–ª—å—à–µ!!! –ü—Ä–µ–¥–º–µ—Ç –ù–∞–ª–æ–≥–æ–æ–±–ª–æ–∂–µ–Ω–∏–µ. –ü—Ä–æ–≤–µ—Ä–∫–∞ –ø—Ä–∞–∫—Ç–∏—á–µ—Å–∫–æ–π —Ä–∞–±–æ—Ç—ã –≤–µ–¥–µ—Ç—Å—è –ú–µ—Å—è—Ü–∞–º–∏. –ü–æ–ª–∞–≥–∞—é, —Ä–∞–∑ –≤ –º–µ—Å—è—Ü –ø—Ä–µ–ø–æ–¥–∞–≤–∞—Ç–µ–ª—å –∑–∞—Ö–æ–¥–∏—Ç –≤ –ø—Ä–µ–¥–º–µ—Ç –æ—Ç–∫—Ä—ã–≤–∞–µ—Ç –ø—Ä–∞–∫—Ç–∏—á–µ—Å–∫—É—é, –≤–æ–∑–≤—Ä–∞—â–∞–µ—Ç —Å –∫–æ–º–º–µ–Ω—Ç–∞—Ä–∏–µ–º, —á—Ç–æ –Ω–µ –ø–æ–ª–Ω–æ—Å—Ç—å—é —Ä–µ—à–µ–Ω–∞ –ø–µ—Ä–≤–∞—è –∑–∞–¥–∞—á–∞. –û—Ç–ø—Ä–∞–≤–ª—è—é –Ω–æ–≤–æ–µ —Ä–µ—à–µ–Ω–∏–µ. –ß–µ—Ä–µ–∑ –º–µ—Å—è—Ü –≤—Å–µ –ø–æ–≤—Ç–æ—Ä—è–µ—Ç—Å—è, —Ç–æ–ª—å–∫–æ —É–∂–µ –ø—Ä–æ–±–ª–µ–º–∞ —Å–æ –≤—Ç–æ—Ä–æ–π –∑–∞–¥–∞—á–µ–π, —Ç—Ä–µ—Ç—å–µ–π, —á–µ—Ç–≤–µ—Ä—Ç–æ–π ..... –∏ —Ç–∞–∫ –¥–∞–ª–µ–µ. –°–¥–∞—Ç—å –ø—Ä–µ–¥–º–µ—Ç –∑–∞ –≤–µ—Å—å –ø–µ—Ä–∏–æ–¥ —Å–µ–º–µ—Å—Ç—Ä–∞ –Ω–µ –ø–æ–ª—É—á–∞–µ—Ç—Å—è. –£—Ç–æ—á–Ω—è—é—â–∏–µ –≤–æ–ø—Ä–æ—Å—ã –ø–æ –ª–µ–∫—Ü–∏—è–º??!!! –ó–∞–±—É–¥—å—Ç–µ! –ù–∞ –Ω–∏—Ö –í–∞–º –≤–æ–æ–±—â–µ –Ω–∏–∫–æ–≥–¥–∞ –Ω–µ –æ—Ç–≤–µ—Ç—è—Ç. –ß—Ç–æ —ç—Ç–æ –∑–∞ –æ–±—É—á–µ–Ω–∏–µ —Ç–∞–∫–æ–µ? –ê? –ê–Ω–æ–Ω–∏–º–Ω–æ.;–ü—Ä–æ–≤–µ—Ä–∏—Ç—å –≤—Ä—É—á–Ω—É—é
–û–ø—É–±–ª–∏–∫—É–π—Ç–µ, –ø–æ–∂–∞–ª—É–π—Å—Ç–∞, –ø–æ—Ç–æ–º—É —á—Ç–æ –Ω–µ –≤–æ–∑–º–æ–∂–Ω–æ –±–æ–ª—å—à–µ!!! –ü—Ä–µ–¥–º–µ—Ç –ù–∞–ª–æ–≥–æ–æ–±–ª–æ–∂–µ–Ω–∏–µ. –ü—Ä–æ–≤–µ—Ä–∫–∞ –ø—Ä–∞–∫—Ç–∏—á–µ—Å–∫–æ–π —Ä–∞–±–æ—Ç—ã –≤–µ–¥–µ—Ç—Å—è –ú–µ—Å—è—Ü–∞–º–∏. –ü–æ–ª–∞–≥–∞—é, —Ä–∞–∑ –≤ –º–µ—Å—è—Ü –ø—Ä–µ–ø–æ–¥–∞–≤–∞—Ç–µ–ª—å –∑–∞—Ö–æ–¥–∏—Ç –≤ –ø—Ä–µ–¥–º–µ—Ç –æ—Ç–∫—Ä—ã–≤–∞–µ—Ç –ø—Ä–∞–∫—Ç–∏—á–µ—Å–∫—É—é, –≤–æ–∑–≤—Ä–∞—â–∞–µ—Ç —Å –∫–æ–º–º–µ–Ω—Ç–∞—Ä–∏–µ–º, —á—Ç–æ –Ω–µ –ø–æ–ª–Ω–æ—Å—Ç—å—é —Ä–µ—à–µ–Ω–∞ –ø–µ—Ä–≤–∞—è –∑–∞–¥–∞—á–∞. –û—Ç–ø—Ä–∞–≤–ª—è—é –Ω–æ–≤–æ–µ —Ä–µ—à–µ–Ω–∏–µ. –ß–µ—Ä–µ–∑ –º–µ—Å—è—Ü –≤—Å–µ –ø–æ–≤—Ç–æ—Ä—è–µ—Ç—Å—è, —Ç–æ–ª—å–∫–æ —É–∂–µ –ø—Ä–æ–±–ª–µ–º–∞ —Å–æ –≤—Ç–æ—Ä–æ–π –∑–∞–¥–∞—á–µ–π, —Ç—Ä–µ—Ç—å–µ–π, —á–µ—Ç–≤–µ—Ä—Ç–æ–π ..... –∏ —Ç–∞–∫ –¥–∞–ª–µ–µ. –°–¥–∞—Ç—å –ø—Ä–µ–¥–º–µ—Ç –∑–∞ –≤–µ—Å—å –ø–µ—Ä–∏–æ–¥ —Å–µ–º–µ—Å—Ç—Ä–∞ –Ω–µ –ø–æ–ª—É—á–∞–µ—Ç—Å—è. –£—Ç–æ—á–Ω—è—é—â–∏–µ –≤–æ–ø—Ä–æ—Å—ã –ø–æ –ª–µ–∫—Ü–∏—è–º??!!! –ó–∞–±—É–¥—å—Ç–µ! –ù–∞ –Ω–∏—Ö –í–∞–º –≤–æ–æ–±—â–µ –Ω–∏–∫–æ–≥–¥–∞ –Ω–µ –æ—Ç–≤–µ—Ç—è—Ç. –ß—Ç–æ —ç—Ç–æ –∑–∞ –æ–±—É—á–µ–Ω–∏–µ —Ç–∞–∫–æ–µ? –ê? –ê–Ω–æ–Ω–∏–º–Ω–æ.;–ü—Ä–æ–≤–µ—Ä–∏—Ç—å –≤—Ä—É—á–Ω—É—é
–û–ø—É–±–ª–∏–∫—É–π—Ç–µ, –ø–æ–∂–∞–ª—É–π—Å—Ç–∞, –ø–æ—Ç–æ–º—É —á—Ç–æ –Ω–µ –≤–æ–∑–º–æ–∂–Ω–æ –±–æ–ª—å—à–µ!!! –ü—Ä–µ–¥–º–µ—Ç –ù–∞–ª–æ–≥–æ–æ–±–ª–æ–∂–µ–Ω–∏–µ. –ü—Ä–æ–≤–µ—Ä–∫–∞ –ø—Ä–∞–∫—Ç–∏—á–µ—Å–∫–æ–π —Ä–∞–±–æ—Ç—ã –≤–µ–¥–µ—Ç—Å—è –ú–µ—Å—è—Ü–∞–º–∏. –ü–æ–ª–∞–≥–∞—é, —Ä–∞–∑ –≤ –º–µ—Å—è—Ü –ø—Ä–µ–ø–æ–¥–∞–≤–∞—Ç–µ–ª—å –∑–∞—Ö–æ–¥–∏—Ç –≤ –ø—Ä–µ–¥–º–µ—Ç –æ—Ç–∫—Ä—ã–≤–∞–µ—Ç –ø—Ä–∞–∫—Ç–∏—á–µ—Å–∫—É—é, –≤–æ–∑–≤—Ä–∞—â–∞–µ—Ç —Å –∫–æ–º–º–µ–Ω—Ç–∞—Ä–∏–µ–º, —á—Ç–æ –Ω–µ –ø–æ–ª–Ω–æ—Å—Ç—å—é —Ä–µ—à–µ–Ω–∞ –ø–µ—Ä–≤–∞—è –∑–∞–¥–∞—á–∞. –û—Ç–ø—Ä–∞–≤–ª—è—é –Ω–æ–≤–æ–µ —Ä–µ—à–µ–Ω–∏–µ. –ß–µ—Ä–µ–∑ –º–µ—Å—è—Ü –≤—Å–µ –ø–æ–≤—Ç–æ—Ä—è–µ—Ç—Å—è, —Ç–æ–ª—å–∫–æ —É–∂–µ –ø—Ä–æ–±–ª–µ–º–∞ —Å–æ –≤—Ç–æ—Ä–æ–π –∑–∞–¥–∞—á–µ–π, —Ç—Ä–µ—Ç—å–µ–π, —á–µ—Ç–≤–µ—Ä—Ç–æ–π ..... –∏ —Ç–∞–∫ –¥–∞–ª–µ–µ. –°–¥–∞—Ç—å –ø—Ä–µ–¥–º–µ—Ç –∑–∞ –≤–µ—Å—å –ø–µ—Ä–∏–æ–¥ —Å–µ–º–µ—Å—Ç—Ä–∞ –Ω–µ –ø–æ–ª—É—á–∞–µ—Ç—Å—è. –£—Ç–æ—á–Ω—è—é—â–∏–µ –≤–æ–ø—Ä–æ—Å—ã –ø–æ –ª–µ–∫—Ü–∏—è–º??!!! –ó–∞–±—É–¥—å—Ç–µ! –ù–∞ –Ω–∏—Ö –í–∞–º –≤–æ–æ–±—â–µ –Ω–∏–∫–æ–≥–¥–∞ –Ω–µ –æ—Ç–≤–µ—Ç—è—Ç. –ß—Ç–æ —ç—Ç–æ –∑–∞ –æ–±—É—á–µ–Ω–∏–µ —Ç–∞–∫–æ–µ? –ê? –ê–Ω–æ–Ω–∏–º–Ω–æ.;–ù–µ –º—É—Å–æ—Ä
–ü–∞–Ω–∏–∫–∞. –£ –≤–∞—Å –±—ã–≤–∞–ª–æ —Ç–∞–∫ —á—Ç–æ–±—ã –≤–µ—Ä–Ω—É–ª–∏ –ø—Ä–∞–∫—Ç–∏—á–µ—Å–∫—É—é —Ä–∞–±–æ—Ç—É –≤ —Å–µ—Å—Å–∏—é –∏–∑-–∑–∞ –∫–∞–∫–æ–≥–æ-—Ç–æ –ø—É—Å—Ç—è–∫–∞? –†–∞–±–æ—Ç—É, –∫–æ—Ç–æ—Ä–∞—è –±—ã–ª–∞ –∑–∞–≥—Ä—É–∂–µ–Ω–∞ –Ω–∞ –ø—Ä–æ–≤–µ—Ä–∫—É –≤ –Ω–∞—á–∞–ª–µ –°–ï–ú–ï–°–¢–†–ê. –≠—Ç–æ –≤—Å–µ, —á—Ç–æ –Ω—É–∂–Ω–æ –∑–Ω–∞—Ç—å. –ê–Ω–æ–Ω–∏–º–Ω–æ;–ù–µ –º—É—Å–æ—Ä
–¢–µ, –∫—Ç–æ –ø–ª–∞–Ω–∏—Ä–æ–≤–∞–ª –ø–æ–ª—É—á–∏—Ç—å –ï–≤—Ä–æ–ø–µ–π—Å–∫–æ–µ –ø—Ä–∏–ª–æ–∂–µ–Ω–∏–µ –∫ –¥–∏–ø–ª–æ–º—É - —Ä–∞—Å—Ö–æ–¥–∏–º—Å—è, –µ–≥–æ –±–æ–ª—å—à–µ –í—É–∑ –Ω–µ –≤—ã–¥–∞–µ—Ç. –ö–∞–∫ —Å–º–∞—Ç–µ—Ä–∏—Ç—å—Å—è –Ω–∞ –∫–∏—Ç–∞–π—Å–∫–æ–º? –ê–Ω–æ–Ω;–ù–µ –º—É—Å–æ—Ä
–ß–∞—Å—Ç–æ –≤–∏–∂—É —Å–æ–æ–±—â–µ–Ω–∏—è –Ω–∞ —Ñ–æ—Ä—É–º–µ, –≥–¥–µ —Å—Ç—É–¥–µ–Ω—Ç—ã –≤–æ–∑–º—É—â–µ–Ω—ã –æ—Ç–Ω–æ—à–µ–Ω–∏–µ–º –∫ –∏—Ö –ø–∏—Å—å–º–µ–Ω–Ω—ã–º —Ä–∞–±–æ—Ç–∞–º, –≤ —á–∞—Å—Ç–Ω–æ—Å—Ç–∏, —Å—Ä–æ–∫–∞–º–∏ –ø—Ä–æ–≤–µ—Ä–∫–∏, –Ω–µ –≤–æ–∑–≤—Ä–∞—Ç–æ–º –∏ —Ç.–¥., –∏ —Ç.–ø. –ù–∞ —á—Ç–æ –ø—Ä–µ–¥—Å—Ç–∞–≤–∏–ª–∏ –≤—É–∑–∞ –æ—Ç–≤–µ—á–∞—é—Ç, —á—Ç–æ –ø–µ—Ä–µ–¥–∞–ª–∏ –∏–Ω—Ñ–æ—Ä–º–∞—Ü–∏—é –Ω–∞ –∫–∞—Ñ–µ–¥—Ä—É. –í–∏–¥–∏–º–æ –ø–æ–¥—Ä–∞–∑—É–º–µ–≤–∞—è, —á—Ç–æ —Å–∏—Ç—É–∞—Ü–∏—è –∏–∑–º–µ–Ω–∏—Ç—Å—è –∏ –ø–∏—Å—å–º–µ–Ω–Ω—ã–µ —Ä–∞–±–æ—Ç—ã –Ω–∞—á–Ω—É—Ç –ø—Ä–æ–≤–µ—Ä—è—Ç—å. –ù–æ –ø—Ä–æ—Ö–æ–¥–∏—Ç –º–Ω–æ–≥–æ –¥–Ω–µ–π, –Ω–∏—á–µ–≥–æ –Ω–µ –º–µ–Ω—è–µ—Ç—Å—è. –ö–∞–∫ –≤—ã –¥—É–º–∞–µ—Ç–µ, —Å –ø–æ–º–æ—â—å—é –∫–∞–∫–∏—Ö —Å—Ä–µ–¥—Å—Ç–≤ –¥–æ—Å—Ç–∞–≤–ª—è–µ—Ç—Å—è —ç—Ç–∞ –∏–Ω—Ñ–æ—Ä–º–∞—Ü–∏—è –Ω–∞ –∫–∞—Ñ–µ–¥—Ä—É? –í —ç–ª–µ–∫—Ç—Ä–æ–Ω–Ω–æ–º —Ñ–æ—Ä–º–∞—Ç–µ? –ú–æ–∂–µ—Ç –±—ã—Ç—å —Ä–∞—Å–ø–µ—á–∞—Ç—ã–≤–∞–µ—Ç—Å—è –∏ —É–Ω–æ—Å–∏—Ç—Å—è –±—É–º–∞–∂–∫–∞. –ê –º–æ–∂–µ—Ç –ø–µ—Ä–µ–ø–∏—Å—ã–≤–∞–µ—Ç—Å—è —Å–æ–æ–±—â–µ–Ω–∏–µ —Å —Ñ–æ—Ä—É–º–∞ –∏ –æ–ø—è—Ç—å –∂–µ —É–Ω–æ—Å–∏—Ç—Å—è. –ü–æ—Å–ª–∞–Ω–∏–µ –≤ –±—É—Ç—ã–ª–∫–µ? –ü–æ—á—Ç–∞ –†–§? –ö—É—Ä—å–µ—Ä—ã? –ì–æ–ª—É–±–∏–Ω–∞—è –ø–æ—á—Ç–∞?!! –°—Ç—É–¥–µ–Ω—Ç—ã –æ—á–Ω–æ–≥–æ –æ—Ç–¥–µ–ª–µ–Ω–∏—è, –≤—ã –Ω–µ –∑–∞–º–µ—á–∞–µ—Ç–µ –≥–æ–ª—É–±–µ–π –≤ –≤—É–∑–µ, –∫–æ—Ç–æ—Ä—ã–µ –ª–µ—Ç—è—Ç –≤ —Å—Ç–æ—Ä–æ–Ω—É –∫–∞—Ñ–µ–¥—Ä—ã?! ü§Ø –ê–Ω–æ–Ω–∏–º–Ω–æ;–ù–µ –º—É—Å–æ—Ä
–ß–∞—Å—Ç–æ –≤–∏–∂—É —Å–æ–æ–±—â–µ–Ω–∏—è –Ω–∞ —Ñ–æ—Ä—É–º–µ, –≥–¥–µ —Å—Ç—É–¥–µ–Ω—Ç—ã –≤–æ–∑–º—É—â–µ–Ω—ã –æ—Ç–Ω–æ—à–µ–Ω–∏–µ–º –∫ –∏—Ö –ø–∏—Å—å–º–µ–Ω–Ω—ã–º —Ä–∞–±–æ—Ç–∞–º, –≤ —á–∞—Å—Ç–Ω–æ—Å—Ç–∏, —Å—Ä–æ–∫–∞–º–∏ –ø—Ä–æ–≤–µ—Ä–∫–∏, –Ω–µ –≤–æ–∑–≤—Ä–∞—Ç–æ–º –∏ —Ç.–¥., –∏ —Ç.–ø. –ù–∞ —á—Ç–æ –ø—Ä–µ–¥—Å—Ç–∞–≤–∏–ª–∏ –≤—É–∑–∞ –æ—Ç–≤–µ—á–∞—é—Ç, —á—Ç–æ –ø–µ—Ä–µ–¥–∞–ª–∏ –∏–Ω—Ñ–æ—Ä–º–∞—Ü–∏—é –Ω–∞ –∫–∞—Ñ–µ–¥—Ä—É. –í–∏–¥–∏–º–æ –ø–æ–¥—Ä–∞–∑—É–º–µ–≤–∞—è, —á—Ç–æ —Å–∏—Ç—É–∞—Ü–∏—è –∏–∑–º–µ–Ω–∏—Ç—Å—è –∏ –ø–∏—Å—å–º–µ–Ω–Ω—ã–µ —Ä–∞–±–æ—Ç—ã –Ω–∞—á–Ω—É—Ç –ø—Ä–æ–≤–µ—Ä—è—Ç—å. –ù–æ –ø—Ä–æ—Ö–æ–¥–∏—Ç –º–Ω–æ–≥–æ –¥–Ω–µ–π, –Ω–∏—á–µ–≥–æ –Ω–µ –º–µ–Ω—è–µ—Ç—Å—è. –ö–∞–∫ –≤—ã –¥—É–º–∞–µ—Ç–µ, —Å –ø–æ–º–æ—â—å—é –∫–∞–∫–∏—Ö —Å—Ä–µ–¥—Å—Ç–≤ –¥–æ—Å—Ç–∞–≤–ª—è–µ—Ç—Å—è —ç—Ç–∞ –∏–Ω—Ñ–æ—Ä–º–∞—Ü–∏—è –Ω–∞ –∫–∞—Ñ–µ–¥—Ä—É? –í —ç–ª–µ–∫—Ç—Ä–æ–Ω–Ω–æ–º —Ñ–æ—Ä–º–∞—Ç–µ? –ú–æ–∂–µ—Ç –±—ã—Ç—å —Ä–∞—Å–ø–µ—á–∞—Ç—ã–≤–∞–µ—Ç—Å—è –∏ —É–Ω–æ—Å–∏—Ç—Å—è –±—É–º–∞–∂–∫–∞. –ê –º–æ–∂–µ—Ç –ø–µ—Ä–µ–ø–∏—Å—ã–≤–∞–µ—Ç—Å—è —Å–æ–æ–±—â–µ–Ω–∏–µ —Å —Ñ–æ—Ä—É–º–∞ –∏ –æ–ø—è—Ç—å –∂–µ —É–Ω–æ—Å–∏—Ç—Å—è. –ü–æ—Å–ª–∞–Ω–∏–µ –≤ –±—É—Ç—ã–ª–∫–µ? –ü–æ—á—Ç–∞ –†–§? –ö—É—Ä—å–µ—Ä—ã? –ì–æ–ª—É–±–∏–Ω–∞—è –ø–æ—á—Ç–∞?!! –°—Ç—É–¥–µ–Ω—Ç—ã –æ—á–Ω–æ–≥–æ –æ—Ç–¥–µ–ª–µ–Ω–∏—è, –≤—ã –Ω–µ –∑–∞–º–µ—á–∞–µ—Ç–µ –≥–æ–ª—É–±–µ–π –≤ –≤—É–∑–µ, –∫–æ—Ç–æ—Ä—ã–µ –ª–µ—Ç—è—Ç –≤ —Å—Ç–æ—Ä–æ–Ω—É –∫–∞—Ñ–µ–¥—Ä—ã?! ü§Ø –ê–Ω–æ–Ω–∏–º–Ω–æ;–ü—Ä–æ–≤–µ—Ä–∏—Ç—å –≤—Ä—É—á–Ω—É—é
"–ü–æ —Ä–µ–º–æ–Ω—Ç—É –∫–∞–Ω–∞–ª–∏–∑–∞—Ü–∏–∏ –Ω–∞ 60 –ª–µ—Ç.
–ø–æ—á–µ–º—É –ø—Ä–æ–∏—Å—Ö–æ–¥–∏—Ç –≤—Å—ë –∏–º–µ–Ω–Ω–æ –¢–ê–ö –Ω–µ—É–¥–æ–±–Ω–æ –Ω–∞ –ø–µ—Ä–≤—ã–π –≤–∑–≥–ª—è–¥. –ü–æ–ø—ã—Ç–∞–ª—Å—è —Å–º–æ–¥–µ–ª–∏—Ä–æ–≤–∞—Ç—å –º—ã—Å–ª–∏ –∞–¥–º–∏–Ω–∏—Å—Ç—Ä–∞—Ü–∏–∏:
¬´–ü–∞—Ü–∞–Ω—ã: –Ω—É —á—Ç–æ –≤—ã –Ω–æ–µ—Ç–µ, –∫–∞–∫ –±–∞–±—ã, –≤—ã —á—Ç–æ –ø–æ—Ç–µ—Ä–ø–µ—Ç—å —Ç—Ä—É–¥–Ω–æ—Å—Ç–∏ –Ω–µ –º–æ–∂–µ—Ç–µ, –≤—ã –º—É–∂–∏–∫–∏ –∏–ª–∏ –∫—Ç–æ, –µ–π –ë–æ–≥—É?
–î–µ–≤–æ—á–∫–∏: –Ω—É —É –≤–∞—Å –≤—Å—ë –µ—â—ë –ø—Ä–æ—â–µ, —Ç–∞–∫ –∫–∞–∫ –≤—Å–µ–º –∏–∑–≤–µ—Å—Ç–Ω–æ, —á—Ç–æ –¥–µ–≤–æ—á–∫–∏ –≤–æ–æ–±—â–µ –ù–ï –ö–ê–ö–ê–Æ–¢, —Ç–æ —É –≤–∞—Å –ø—Ä–æ–±–ª–µ–º—ã —Å–æ–≤—Å–µ–º –ø–æ—á—Ç–∏ –Ω–µ —Å—É—â–µ—Å—Ç–≤–µ–Ω–Ω—ã–µ! –ü–æ–ø–∏—Å–∞—Ç—å –≥–¥–µ –º–æ–∂–Ω–æ - –≤—Å–µ –ª–µ–≥–∫–æ –∏ —Ç–∞–∫ –Ω–∞–π–¥—É—Ç. –ù—É –∞ —Ç–∞–∫ –∫–∞–∫ –≤ –†–ì–£ –±–æ–ª—å—à–∏–Ω—Å—Ç–≤–æ –¥–µ–≤—É—à–µ–∫, —Ç–æ –±–æ–ª—å—à–∏—Ö –Ω–µ—É–¥–æ–±—Å—Ç–≤ —Å –æ—Ç—Å—É—Ç—Å—Ç–≤–∏–µ–º —Ç–æ–ª–∫–∞–Ω–∞ –±—ã—Ç—å –Ω–µ –¥–æ–ª–∂–Ω–æ –∏ –º–æ–∂–Ω–æ –Ω–µ —Ç–æ—Ä–æ–ø–∏—Ç—å—Å—è¬ª.";–ù–µ –º—É—Å–æ—Ä
"–ü–æ—Å–ª–µ–¥–Ω–µ–µ –≤—Ä–µ–º—è –º–Ω–æ–≥–æ –Ω–µ–≥–∞—Ç–∏–≤–∞ –ø–æ –ø–æ–≤–æ–¥—É —Ç–æ–≥–æ, —á—Ç–æ –¥–æ–ª–≥–æ –ø—Ä–æ–≤–µ—Ä—è—é—Ç –ø–∏—Å—å–º–µ–Ω–Ω—ã–µ —Ä–∞–±–æ—Ç—ã. –°–∫–ª–∞–¥—ã–≤–∞–µ—Ç—Å—è –≤–ø–µ—á–∞—Ç–ª–µ–Ω–∏–µ, —á—Ç–æ —Ç–∞–∫ —É –≤—Å–µ—Ö –∏ –ø–æ –≤—Å–µ–º –ø—Ä–µ–¥–º–µ—Ç–∞–º. –ù–µ—Ç. –£—á—É—Å—å –Ω–∞ 3 –∫—É—Ä—Å–µ. –ó–∞ 6 —Å–µ–º–µ—Å—Ç—Ä–æ–≤ –±—ã–ª–æ —Ä–∞–∑–Ω–æ–µ. –ß—Ç–æ –∑–∞–º–µ—Ç–∏–ª. –ü—Ä–µ–ø–æ–¥–∞–≤–∞—Ç–µ–ª–∏ –≤–µ–¥—É—Ç –æ–¥–Ω–æ–≤—Ä–µ–º–µ–Ω–Ω–æ –Ω–µ—Å–∫–æ–ª—å–∫–æ –ø—Ä–µ–¥–º–µ—Ç–æ–≤. –¢–∞–∫ –≤–æ—Ç. –ü—Ä–æ–≤–µ—Ä–∫–∞ —Ä–∞–±–æ—Ç—ã –∑–∞–≤–∏—Å–∏—Ç –Ω–µ –æ—Ç —Ç–æ–≥–æ –∫–∞–∫–æ–π –ø—Ä–µ–¥–º–µ—Ç, –∞ –∫—Ç–æ –ø—Ä–µ–ø–æ–¥–∞–≤–∞—Ç–µ–ª—å –ø–æ —ç—Ç–æ–º—É –ø—Ä–µ–¥–º–µ—Ç—É. –î–∞–∂–µ –∫—É—Ä—Å–æ–≤—ã–µ –ø–æ –æ–¥–Ω–æ–º—É –ø—Ä–µ–¥–º–µ—Ç—É –ø—Ä–æ–≤–µ—Ä—è—é—Ç —Ä–∞–∑–Ω—ã–µ –ø—Ä–µ–ø–æ–¥–∞–≤–∞—Ç–µ–ª–∏. –ë–æ–ª—å—à–∏–Ω—Å—Ç–≤–æ –ø—Ä–µ–ø–æ–¥–∞–≤–∞—Ç–µ–ª–µ–π –ø—Ä–æ–≤–µ—Ä—è—é—Ç —Ä–∞–±–æ—Ç—ã –¥–æ 3 –¥–Ω–µ–π, –æ—á–µ–Ω—å —á–∞—Å—Ç–æ –≤ —Ç–µ—á–µ–Ω–∏–µ —Å—É—Ç–æ–∫ –±—É–∫–≤–∞–ª—å–Ω–æ —É–∂–µ —Å—Ç–æ–∏—Ç –æ—Ç–º–µ—Ç–∫–∞ ""–í—ã–ø–æ–ª–Ω–µ–Ω–æ"". –ù–æ, —É–≤—ã, –µ—Å—Ç—å –ø—Ä–µ–ø–æ–¥–∞–≤–∞—Ç–µ–ª–∏, –∫–æ—Ç–æ—Ä—ã–µ –¥–µ–π—Å—Ç–≤–∏—Ç–µ–ª—å–Ω–æ –ø—Ä–æ–≤–µ—Ä—è—é—Ç –æ—á–µ–Ω—å –¥–æ–ª–≥–æ. –í—Å—ë –±—ã –Ω–∏—á–µ–≥–æ. –°–∏–¥–∏ –∏ –∂–¥–∏. –ù–æ, —á—Ç–æ –∑–∞–º–µ—Ç–∏–ª, –µ—Å–ª–∏ —Ä–∞–±–æ—Ç—É –ø—Ä–æ–≤–µ—Ä—è—é—Ç –æ—á–µ–Ω—å –¥–æ–ª–≥–æ, –µ–µ –æ–±—è–∑–∞—Ç–µ–ª—å–Ω–æ –≤–µ—Ä–Ω—É—Ç –Ω–∞ –¥–æ—Ä–∞–±–æ—Ç–∫—É. –ü–æ—ç—Ç–æ–º—É –æ–±—Ä–∞—â–∞—é—Å—å –∫ –ø—Ä–µ–ø–æ–¥–∞–≤–∞—Ç–µ–ª—è–º. –í —Å–≤—è–∑–∏ —Å —Ç–µ–º, —á—Ç–æ –¥–æ–¥–µ–ª–∞—Ç—å –≤ —Å–µ–Ω—Ç—è–±—Ä–µ –Ω–µ –ø–æ–ª—É—á–∏—Ç—Å—è (–∏–∑-–∑–∞ –æ–±–Ω–æ–≤–ª–µ–Ω–∏—è –≠–°–î–û), –æ–≥—Ä–æ–º–Ω–∞—è –∫ –í–ê–ú –ø—Ä–æ—Å—å–±–∞ —É—Å–∫–æ—Ä–∏—Ç—å –ø—Ä–æ–≤–µ—Ä–∫—É, –∞ –æ—Å–æ–±–µ–Ω–Ω–æ –ø—Ä–æ–≤–µ—Ä–∫—É –ø–æ–≤—Ç–æ—Ä–Ω—ã—Ö —Ä–∞–±–æ—Ç —Å—Ç—É–¥–µ–Ω—Ç–æ–≤. –Ø –ø–æ–Ω–∏–º–∞—é, —á—Ç–æ —É –í–ê–° –∫–æ–ª–æ—Å—Å–∞–ª—å–Ω–∞—è –∑–∞–≥—Ä—É–∂–µ–Ω–Ω–æ—Å—Ç—å. –í—É–∑ –Ω–∞—Ö–æ–¥–∏—Ç—Å—è –Ω–∞ —Ç–æ–ø–æ–≤—ã—Ö –ø–æ–∑–∏—Ü–∏—è—Ö, —Å—Ç—É–¥–µ–Ω—Ç—ã –∫–æ–ª–æ–Ω–Ω–∞–º–∏ –∏–¥—É—Ç —Å—é–¥–∞ –Ω–∞ –¥–∏—Å—Ç–∞–Ω—Ç. –ù–æ –Ω–µ —Ö–æ—á–µ—Ç—Å—è —Ç—Ä–∞—Ç–∏—Ç—å –≤—Ä–µ–º—è –Ω–∞ –±–µ—Å–∫–æ–Ω–µ—á–Ω—ã–µ –∑–∞—Ö–æ–¥—ã –≤ —Å–∏—Å—Ç–µ–º—É —á—Ç–æ–±—ã —É–≤–∏–¥–µ—Ç—å –∑–∞–≤–µ—Ç–Ω–æ–µ ""–í—ã–ø–æ–ª–Ω–µ–Ω–æ"". –°–ø–∞—Å–∏–±–æ. –ê–Ω–æ–Ω–∏–º–Ω–æ.";–ü—Ä–æ–≤–µ—Ä–∏—Ç—å –≤—Ä—É—á–Ω—É—é
"–ü–æ—Å–ª–µ–¥–Ω–µ–µ –≤—Ä–µ–º—è –º–Ω–æ–≥–æ –Ω–µ–≥–∞—Ç–∏–≤–∞ –ø–æ –ø–æ–≤–æ–¥—É —Ç–æ–≥–æ, —á—Ç–æ –¥–æ–ª–≥–æ –ø—Ä–æ–≤–µ—Ä—è—é—Ç –ø–∏—Å—å–º–µ–Ω–Ω—ã–µ —Ä–∞–±–æ—Ç—ã. –°–∫–ª–∞–¥—ã–≤–∞–µ—Ç—Å—è –≤–ø–µ—á–∞—Ç–ª–µ–Ω–∏–µ, —á—Ç–æ —Ç–∞–∫ —É –≤—Å–µ—Ö –∏ –ø–æ –≤—Å–µ–º –ø—Ä–µ–¥–º–µ—Ç–∞–º. –ù–µ—Ç. –£—á—É—Å—å –Ω–∞ 3 –∫—É—Ä—Å–µ. –ó–∞ 6 —Å–µ–º–µ—Å—Ç—Ä–æ–≤ –±—ã–ª–æ —Ä–∞–∑–Ω–æ–µ. –ß—Ç–æ –∑–∞–º–µ—Ç–∏–ª. –ü—Ä–µ–ø–æ–¥–∞–≤–∞—Ç–µ–ª–∏ –≤–µ–¥—É—Ç –æ–¥–Ω–æ–≤—Ä–µ–º–µ–Ω–Ω–æ –Ω–µ—Å–∫–æ–ª—å–∫–æ –ø—Ä–µ–¥–º–µ—Ç–æ–≤. –¢–∞–∫ –≤–æ—Ç. –ü—Ä–æ–≤–µ—Ä–∫–∞ —Ä–∞–±–æ—Ç—ã –∑–∞–≤–∏—Å–∏—Ç –Ω–µ –æ—Ç —Ç–æ–≥–æ –∫–∞–∫–æ–π –ø—Ä–µ–¥–º–µ—Ç, –∞ –∫—Ç–æ –ø—Ä–µ–ø–æ–¥–∞–≤–∞—Ç–µ–ª—å –ø–æ —ç—Ç–æ–º—É –ø—Ä–µ–¥–º–µ—Ç—É. –î–∞–∂–µ –∫—É—Ä—Å–æ–≤—ã–µ –ø–æ –æ–¥–Ω–æ–º—É –ø—Ä–µ–¥–º–µ—Ç—É –ø—Ä–æ–≤–µ—Ä—è—é—Ç —Ä–∞–∑–Ω—ã–µ –ø—Ä–µ–ø–æ–¥–∞–≤–∞—Ç–µ–ª–∏. –ë–æ–ª—å—à–∏–Ω—Å—Ç–≤–æ –ø—Ä–µ–ø–æ–¥–∞–≤–∞—Ç–µ–ª–µ–π –ø—Ä–æ–≤–µ—Ä—è—é—Ç —Ä–∞–±–æ—Ç—ã –¥–æ 3 –¥–Ω–µ–π, –æ—á–µ–Ω—å —á–∞—Å—Ç–æ –≤ —Ç–µ—á–µ–Ω–∏–µ —Å—É—Ç–æ–∫ –±—É–∫–≤–∞–ª—å–Ω–æ —É–∂–µ —Å—Ç–æ–∏—Ç –æ—Ç–º–µ—Ç–∫–∞ ""–í—ã–ø–æ–ª–Ω–µ–Ω–æ"". –ù–æ, —É–≤—ã, –µ—Å—Ç—å –ø—Ä–µ–ø–æ–¥–∞–≤–∞—Ç–µ–ª–∏, –∫–æ—Ç–æ—Ä—ã–µ –¥–µ–π—Å—Ç–≤–∏—Ç–µ–ª—å–Ω–æ –ø—Ä–æ–≤–µ—Ä—è—é—Ç –æ—á–µ–Ω—å –¥–æ–ª–≥–æ. –í—Å—ë –±—ã –Ω–∏—á–µ–≥–æ. –°–∏–¥–∏ –∏ –∂–¥–∏. –ù–æ, —á—Ç–æ –∑–∞–º–µ—Ç–∏–ª, –µ—Å–ª–∏ —Ä–∞–±–æ—Ç—É –ø—Ä–æ–≤–µ—Ä—è—é—Ç –æ—á–µ–Ω—å –¥–æ–ª–≥–æ, –µ–µ –æ–±—è–∑–∞—Ç–µ–ª—å–Ω–æ –≤–µ—Ä–Ω—É—Ç –Ω–∞ –¥–æ—Ä–∞–±–æ—Ç–∫—É. –ü–æ—ç—Ç–æ–º—É –æ–±—Ä–∞—â–∞—é—Å—å –∫ –ø—Ä–µ–ø–æ–¥–∞–≤–∞—Ç–µ–ª—è–º. –í —Å–≤—è–∑–∏ —Å —Ç–µ–º, —á—Ç–æ –¥–æ–¥–µ–ª–∞—Ç—å –≤ —Å–µ–Ω—Ç—è–±—Ä–µ –Ω–µ –ø–æ–ª—É—á–∏—Ç—Å—è (–∏–∑-–∑–∞ –æ–±–Ω–æ–≤–ª–µ–Ω–∏—è –≠–°–î–û), –æ–≥—Ä–æ–º–Ω–∞—è –∫ –í–ê–ú –ø—Ä–æ—Å—å–±–∞ —É—Å–∫–æ—Ä–∏—Ç—å –ø—Ä–æ–≤–µ—Ä–∫—É, –∞ –æ—Å–æ–±–µ–Ω–Ω–æ –ø—Ä–æ–≤–µ—Ä–∫—É –ø–æ–≤—Ç–æ—Ä–Ω—ã—Ö —Ä–∞–±–æ—Ç —Å—Ç—É–¥–µ–Ω—Ç–æ–≤. –Ø –ø–æ–Ω–∏–º–∞—é, —á—Ç–æ —É –í–ê–° –∫–æ–ª–æ—Å—Å–∞–ª—å–Ω–∞—è –∑–∞–≥—Ä—É–∂–µ–Ω–Ω–æ—Å—Ç—å. –í—É–∑ –Ω–∞—Ö–æ–¥–∏—Ç—Å—è –Ω–∞ —Ç–æ–ø–æ–≤—ã—Ö –ø–æ–∑–∏—Ü–∏—è—Ö, —Å—Ç—É–¥–µ–Ω—Ç—ã –∫–æ–ª–æ–Ω–Ω–∞–º–∏ –∏–¥—É—Ç —Å—é–¥–∞ –Ω–∞ –¥–∏—Å—Ç–∞–Ω—Ç. –ù–æ –Ω–µ —Ö–æ—á–µ—Ç—Å—è —Ç—Ä–∞—Ç–∏—Ç—å –≤—Ä–µ–º—è –Ω–∞ –±–µ—Å–∫–æ–Ω–µ—á–Ω—ã–µ –∑–∞—Ö–æ–¥—ã –≤ —Å–∏—Å—Ç–µ–º—É —á—Ç–æ–±—ã —É–≤–∏–¥–µ—Ç—å –∑–∞–≤–µ—Ç–Ω–æ–µ ""–í—ã–ø–æ–ª–Ω–µ–Ω–æ"". –°–ø–∞—Å–∏–±–æ. –ê–Ω–æ–Ω–∏–º–Ω–æ.";–ù–µ –º—É—Å–æ—Ä
"–ö–∞–∫ –º—ã —É–∂–µ –≤—Å–µ –ø–æ–Ω—è–ª–∏, —Å–∞–º–∞—è –ª—é–±–≤–∏–æ–±–∏–ª—å–Ω–∞—è –∫–∞—Ñ–µ–¥—Ä–∞ - —ç—Ç–æ –ö–∞—Ñ–µ–¥—Ä–∞ –ø–∞—Ç–æ–ª–æ–≥–∏—á–µ—Å–∫–æ–π –∞–Ω–∞—Ç–æ–º–∏–∏. –ò–º–µ–Ω–Ω–æ —ç—Ç–∞ –∫–∞—Ñ–µ–¥—Ä–∞ –∑–∞—Å—Ç–∞–≤–∏–ª–∞ –º–æ—ë —Å–µ—Ä–¥—Ü–µ —Ç—Ä–µ–ø–µ—Ç–∞—Ç—å. –ü–æ–ª—É—á–∏–≤ –æ–¥–Ω–∞–∂–¥—ã –æ—Ç—Ä–∞–±–æ—Ç–∫—É, —è –¥–æ–ª–≥–æ –Ω–µ–≥–æ–¥–æ–≤–∞–ª–∞, –æ–¥–Ω–∞–∫–æ, –ø—Ä–∏–¥—è –Ω–∞ –∫–∞—Ñ–µ–¥—Ä—É —Ö–º—É—Ä—ã–º —Å—É–±–±–æ—Ç–Ω–∏–º —É—Ç—Ä–æ–º, —è –≤—Å—Ç—Ä–µ—Ç–∏–ª–∞ —Ç–µ–±—è. –¢–≤–æ–∏ –≥–æ–ª—É–±—ã–µ –≥–ª–∞–∑–∞, —Ç–≤–æ–π –≥–æ–ª–æ—Å, —Ä—É—Å–∞—è –ø—Ä—è–¥—å –≤–æ–ª–æ—Å, –≤—ã—Å—Ç—É–ø–∞—é—â–∞—è –Ω–∞ –ª–æ–±. –í —Ç–µ–±–µ –±—ã–ª–æ –ø—Ä–µ–∫—Ä–∞—Å–Ω–æ –≤—Å–µ. –°–æ—á–µ—Ç–∞–Ω–∏–µ —Å—Ç—Ä–æ–≥–æ—Å—Ç–∏ –∏ –º–∏–ª–æ–π —É–ª—ã–±–∫–∏, —Ç–≤–æ–µ–≥–æ –Ω–∏–∑–∫–æ–≥–æ, –Ω–æ –±–∞—Ä—Ö–∞—Ç–Ω–æ–≥–æ —Å–º–µ—Ö–∞, –∫–æ—Ç–æ—Ä—ã–π –∏—Å—Ö–æ–¥–∏–ª –∏–∑ —Ç–µ–±—è –≤–æ –≤—Ä–µ–º—è –≥–ª—É–ø—ã—Ö –æ—Ç–≤–µ—Ç–æ–≤ –¥—Ä—É–≥–∏—Ö –æ—Ç—Ä–∞–±–æ—Ç—á–∏–∫–æ–≤, –Ω–æ, –∫ —Å–æ–∂–∞–ª–µ–Ω–∏—é, –≤–Ω–æ–≤—å —Å–º–µ–Ω—è—é—â–∏–π—Å—è —Å—Ç—Ä–æ–≥–æ—Å—Ç—å—é. –Ø –¥–æ–ª–≥–æ —Å–∏–¥–µ–ª–∞, –¥–∞–∂–µ, –≤–µ—Ä–æ—è—Ç–Ω–æ, —Å–ª–∏—à–∫–æ–º –¥–æ–ª–≥–æ, –ø—Ä–æ–ø—É—Å–∫–∞—è –≤–ø–µ—Ä—ë–¥ —Å–µ–±—è –≤—Å–µ—Ö, –ª–∏—à—å –±—ã –¥–æ–ª—å—à–µ –æ—Å—Ç–∞–≤–∞—Ç—å—Å—è –≤–º–µ—Å—Ç–µ —Å —Ç–æ–±–æ–π. –ö —Å–æ–∂–∞–ª–µ–Ω–∏—é, –º–æ–π –ø—É—Ç—å –Ω–∞ —ç—Ç–æ–π –ø—Ä–µ–∫—Ä–∞—Å–Ω–æ–π –∫–∞—Ñ–µ–¥—Ä–µ –æ–∫–æ–Ω—á–µ–Ω, –∞ –≤–æ—Ç —Ç–≤–æ–π —Ç–æ–ª—å–∫–æ –Ω–∞—á–∏–Ω–∞–µ—Ç—Å—è. –ï—Å–ª–∏ –±—ã –≤ –º–∏—Ä–µ –≤—Å–µ –∏—Å—Ö–æ–¥–∏–ª–æ –ª–∏—à—å –∏–∑ –Ω–∞—à–∏—Ö –∂–µ–ª–∞–Ω–∏–π, —è –±—ã –ø–æ–ª—É—á–∞–ª–∞ –æ—Ç—Ä–∞–±–æ—Ç–∫–∏ –Ω–∞ –ø–∞—Ä–µ –∫–∞–∂–¥—É—é –Ω–µ–¥–µ–ª—é, –∞ —Å–¥–∞–≤–∞–ª–∞ –±—ã –∏—Ö —Ç–µ–±–µ –≤ –∏–Ω–¥–∏–≤–∏–¥—É–∞–ª—å–Ω–æ–º –ø–æ—Ä—è–¥–∫–µ. –ù–æ –≤ –º–∏—Ä–µ –Ω–µ –≤—Å–µ –∏—Å—Ö–æ–¥–∏—Ç –∏–∑ –Ω–∞—à–∏—Ö –∂–µ–ª–∞–Ω–∏–π, —è –±–æ–ª—å—à–µ –Ω–µ –ø–æ–ª—É—á—É –Ω–∏ –æ–¥–Ω—É –æ—Ç—Ä–∞–±–æ—Ç–∫—É –ø–æ –ø–∞—Ç–æ–ª–æ–≥–∏—á–µ—Å–∫–æ–π –∞–Ω–∞—Ç–æ–º–∏–∏, –∞ —Ç—ã —É –º–µ–Ω—è –µ—ë –Ω–µ –ø—Ä–∏–º–µ—à—å.
(–ê–Ω–æ–Ω–∏–º–Ω–æ)";–ù–µ –º—É—Å–æ—Ä
"–ö–∞–∫ –º—ã —É–∂–µ –≤—Å–µ –ø–æ–Ω—è–ª–∏, —Å–∞–º–∞—è –ª—é–±–≤–∏–æ–±–∏–ª—å–Ω–∞—è –∫–∞—Ñ–µ–¥—Ä–∞ - —ç—Ç–æ –ö–∞—Ñ–µ–¥—Ä–∞ –ø–∞—Ç–æ–ª–æ–≥–∏—á–µ—Å–∫–æ–π –∞–Ω–∞—Ç–æ–º–∏–∏. –ò–º–µ–Ω–Ω–æ —ç—Ç–∞ –∫–∞—Ñ–µ–¥—Ä–∞ –∑–∞—Å—Ç–∞–≤–∏–ª–∞ –º–æ—ë —Å–µ—Ä–¥—Ü–µ —Ç—Ä–µ–ø–µ—Ç–∞—Ç—å. –ü–æ–ª—É—á–∏–≤ –æ–¥–Ω–∞–∂–¥—ã –æ—Ç—Ä–∞–±–æ—Ç–∫—É, —è –¥–æ–ª–≥–æ –Ω–µ–≥–æ–¥–æ–≤–∞–ª–∞, –æ–¥–Ω–∞–∫–æ, –ø—Ä–∏–¥—è –Ω–∞ –∫–∞—Ñ–µ–¥—Ä—É —Ö–º—É—Ä—ã–º —Å—É–±–±–æ—Ç–Ω–∏–º —É—Ç—Ä–æ–º, —è –≤—Å—Ç—Ä–µ—Ç–∏–ª–∞ —Ç–µ–±—è. –¢–≤–æ–∏ –≥–æ–ª—É–±—ã–µ –≥–ª–∞–∑–∞, —Ç–≤–æ–π –≥–æ–ª–æ—Å, —Ä—É—Å–∞—è –ø—Ä—è–¥—å –≤–æ–ª–æ—Å, –≤—ã—Å—Ç—É–ø–∞—é—â–∞—è –Ω–∞ –ª–æ–±. –í —Ç–µ–±–µ –±—ã–ª–æ –ø—Ä–µ–∫—Ä–∞—Å–Ω–æ –≤—Å–µ. –°–æ—á–µ—Ç–∞–Ω–∏–µ —Å—Ç—Ä–æ–≥–æ—Å—Ç–∏ –∏ –º–∏–ª–æ–π —É–ª—ã–±–∫–∏, —Ç–≤–æ–µ–≥–æ –Ω–∏–∑–∫–æ–≥–æ, –Ω–æ –±–∞—Ä—Ö–∞—Ç–Ω–æ–≥–æ —Å–º–µ—Ö–∞, –∫–æ—Ç–æ—Ä—ã–π –∏—Å—Ö–æ–¥–∏–ª –∏–∑ —Ç–µ–±—è –≤–æ –≤—Ä–µ–º—è –≥–ª—É–ø—ã—Ö –æ—Ç–≤–µ—Ç–æ–≤ –¥—Ä—É–≥–∏—Ö –æ—Ç—Ä–∞–±–æ—Ç—á–∏–∫–æ–≤, –Ω–æ, –∫ —Å–æ–∂–∞–ª–µ–Ω–∏—é, –≤–Ω–æ–≤—å —Å–º–µ–Ω—è—é—â–∏–π—Å—è —Å—Ç—Ä–æ–≥–æ—Å—Ç—å—é. –Ø –¥–æ–ª–≥–æ —Å–∏–¥–µ–ª–∞, –¥–∞–∂–µ, –≤–µ—Ä–æ—è—Ç–Ω–æ, —Å–ª–∏—à–∫–æ–º –¥–æ–ª–≥–æ, –ø—Ä–æ–ø—É—Å–∫–∞—è –≤–ø–µ—Ä—ë–¥ —Å–µ–±—è –≤—Å–µ—Ö, –ª–∏—à—å –±—ã –¥–æ–ª—å—à–µ –æ—Å—Ç–∞–≤–∞—Ç—å—Å—è –≤–º–µ—Å—Ç–µ —Å —Ç–æ–±–æ–π. –ö —Å–æ–∂–∞–ª–µ–Ω–∏—é, –º–æ–π –ø—É—Ç—å –Ω–∞ —ç—Ç–æ–π –ø—Ä–µ–∫—Ä–∞—Å–Ω–æ–π –∫–∞—Ñ–µ–¥—Ä–µ –æ–∫–æ–Ω—á–µ–Ω, –∞ –≤–æ—Ç —Ç–≤–æ–π —Ç–æ–ª—å–∫–æ –Ω–∞—á–∏–Ω–∞–µ—Ç—Å—è. –ï—Å–ª–∏ –±—ã –≤ –º–∏—Ä–µ –≤—Å–µ –∏—Å—Ö–æ–¥–∏–ª–æ –ª–∏—à—å –∏–∑ –Ω–∞—à–∏—Ö –∂–µ–ª–∞–Ω–∏–π, —è –±—ã –ø–æ–ª—É—á–∞–ª–∞ –æ—Ç—Ä–∞–±–æ—Ç–∫–∏ –Ω–∞ –ø–∞—Ä–µ –∫–∞–∂–¥—É—é –Ω–µ–¥–µ–ª—é, –∞ —Å–¥–∞–≤–∞–ª–∞ –±—ã –∏—Ö —Ç–µ–±–µ –≤ –∏–Ω–¥–∏–≤–∏–¥—É–∞–ª—å–Ω–æ–º –ø–æ—Ä—è–¥–∫–µ. –ù–æ –≤ –º–∏—Ä–µ –Ω–µ –≤—Å–µ –∏—Å—Ö–æ–¥–∏—Ç –∏–∑ –Ω–∞—à–∏—Ö –∂–µ–ª–∞–Ω–∏–π, —è –±–æ–ª—å—à–µ –Ω–µ –ø–æ–ª—É—á—É –Ω–∏ –æ–¥–Ω—É –æ—Ç—Ä–∞–±–æ—Ç–∫—É –ø–æ –ø–∞—Ç–æ–ª–æ–≥–∏—á–µ—Å–∫–æ–π –∞–Ω–∞—Ç–æ–º–∏–∏, –∞ —Ç—ã —É –º–µ–Ω—è –µ—ë –Ω–µ –ø—Ä–∏–º–µ—à—å.
(–ê–Ω–æ–Ω–∏–º–Ω–æ)";–ü—Ä–æ–≤–µ—Ä–∏—Ç—å –≤—Ä—É—á–Ω—É—é
–ö–æ–≥–¥–∞ —É–∂–µ —É–±–µ—Ä—É—Ç –∏–∑–º–µ—Ä–µ–Ω–∏–µ —Ç–µ–º–ø–µ—Ä–∞—Ç—É—Ä—ã —Å —Ç—É—Ä–Ω–∏–∫–µ—Ç–æ–≤ –≤ –∫–æ—Ä–ø—É—Å–∞—Ö –∏ –æ–±—â–µ–∂–∏—Ç–∏—è—Ö? –ü–æ—á–µ–º—É —ç—Ç–æ –Ω–µ –¥–µ–ª–∞—é—Ç? –í–æ–∑–º–æ–∂–Ω–æ –∫—Ç–æ-—Ç–æ –Ω–µ —Ö–æ—á–µ—Ç –ø—Ä–∏–∑–Ω–∞–≤–∞—Ç—å, —á—Ç–æ —ç—Ç–æ –±—ã–ª–∞ –Ω–µ—ç—Ñ—Ñ–µ–∫—Ç–∏–≤–Ω–∞—è —Ç—Ä–∞—Ç–∞ —Å—Ä–µ–¥—Å—Ç–≤ —É–Ω–∏–≤–µ—Ä—Å–∏—Ç–µ—Ç–∞. –í–æ–∑–º–æ–∂–Ω–æ –ø—Ä–æ—Å—Ç–æ –ª–µ–Ω—å —ç—Ç–æ –æ—Ä–≥–∞–Ω–∏–∑–æ–≤–∞—Ç—å, –¥–∞ –µ—â—ë –Ω–µ —Ö–æ—á–µ—Ç—Å—è –ø–æ–Ω–µ—Å—Ç–∏ –¥–æ–ø–æ–ª–Ω–∏—Ç–µ–ª—å–Ω—ã–µ —Ä–∞—Å—Ö–æ–¥—ã. –í–æ–∑–º–æ–∂–Ω–æ –≤—Å—ë –µ—â–µ —Å—É—â–µ—Å—Ç–≤—É—é—Ç –ø—Ä–µ–¥–ø–∏—Å–∞–Ω–∏—è –ø–æ –æ–±—è–∑–∞—Ç–µ–ª—å–Ω–æ—Å—Ç–∏ –¥–∞–Ω–Ω—ã—Ö –∏–∑–º–µ—Ä–µ–Ω–∏–π (–ø—Ä–∞–≤–¥–∞ –≤ –¥—Ä—É–≥–∏—Ö –º–µ—Å—Ç–∞—Ö —ç—Ç–æ–≥–æ —É–∂–µ –¥–∞–≤–Ω–æ –Ω–µ—Ç). –ê –≤–æ–∑–º–æ–∂–Ω–æ –ø—Ä–æ—Å—Ç–æ –∑–∞–±—ã–ª–∏ –ø—Ä–æ —ç—Ç–∏ —Ç—É—Ä–Ω–∏–∫–µ—Ç—ã. –ù–∏—á–µ–≥–æ –Ω–µ—Ç –±–æ–ª–µ–µ –ø–æ—Å—Ç–æ—è–Ω–Ω–æ–≥–æ, —á–µ–º –≤—Ä–µ–º–µ–Ω–Ω–æ–µ.;–ü—Ä–æ–≤–µ—Ä–∏—Ç—å –≤—Ä—É—á–Ω—É—é
–ú–æ—è –±–µ—Å—Å–æ–Ω–∏—Ü–∞ –±–æ—Ä–µ—Ç—Å—è —Å –º–æ–∏–º —Ö—Ä–æ–Ω–∏—á–µ—Å–∫–∏–º –Ω–µ–¥–æ—Å—ã–ø–æ–º.;–ù–µ –º—É—Å–æ—Ä
"–ö–∞–∫ –∂–µ –≤—Å—ë –±–µ—Å–∏—Ç... –ù–∏–∫–∞–∫–æ–≥–æ –∂–µ–ª–∞–Ω–∏—è —á—Ç–æ-–ª–∏–±–æ –¥–µ–ª–∞—Ç—å. –ü—ã—Ç–∞–µ—à—å—Å—è, –≤–∫–ª–∞–¥—ã–≤–∞–µ—à—å –æ—á–µ–Ω—å –º–Ω–æ–≥–æ —Å–∏–ª, –∞ –ø–æ—Ç–æ–º —Ç–æ–ª—å–∫–æ —Ä–∞—Å—Å—Ç—Ä–∞–∏–≤–∞–µ—à—å—Å—è.

–° –ø–µ—Ä–≤–æ–≥–æ –∫—É—Ä—Å–∞ —Ñ–∏–∑–∏–∫–∞, –∫–æ—Ç–æ—Ä—É—é, –¥–∞–∂–µ –µ—Å–ª–∏ –ª—é–±–∏–ª, –≤–æ–∑–Ω–µ–Ω–∞–≤–∏–¥–∏—à—å. –ë–ª–∞–≥–æ, –æ–Ω–∞ –∑–∞–∫–æ–Ω—á–∏–ª–∞—Å—å –Ω–∞ 2 –∫—É—Ä—Å–µ. 
3 –∫—É—Ä—Å, –±—É–¥—É—Ç –ø—Ä–µ–¥–º–µ—Ç—ã –ø–æ —Å–ø–µ—Ü–∏–∞–ª—å–Ω–æ—Å—Ç–∏...–∞–≥–∞, –∫–æ–Ω–µ—á–Ω–æ, —Å–Ω–∞—á–∞–ª–∞ –∑–∞–∫—Ä–æ–π—Ç–µ –æ–±—â–µ–æ–±—Ä–∞–∑–æ–≤–∞—Ç–µ–ª—å–Ω—ã–µ –∏ –±–µ—Å–ø–æ–ª–µ–∑–Ω—ã–µ –ì–û–°–¢—ã. –ö–∞–∂–¥—ã–π –≥—Ä–µ–±–∞–Ω—ã–π —Å–µ–º–∏–Ω–∞—Ä –ø–æ –±–µ–∑–æ–ø–∞—Å–Ω–æ—Å—Ç–∏ –∂–∏–∑–Ω–µ–¥–µ—è—Ç–µ–ª—å–Ω–æ—Å—Ç–∏ - –±–µ—Å–ø–æ–ª–µ–∑–Ω–µ–π—à–∏–µ —Ä–∞–±–æ—Ç—ã...–µ—â—ë –∏ —Ç–∞–∫–∏–µ –∂–µ –ª–∞–±—ã 7 —à—Ç—É–∫... –≤ —Å–ø–µ—Ü–∏–∞–ª—å–Ω—ã–µ –¥–Ω–∏. –ó–∞—á–µ–º?! –û–∫, –¥—Ä—É–≥–∏–µ –ø—Ä–µ–¥–º–µ—Ç—ã... –ü–æ—Ç–æ–º –ø—Ä–∏–≥–æ–¥–∏—Ç—Å—è, –¥–∞–π –ë–æ–∂–µ, 4 —Å–æ –≤—Å–µ–π —É—á–µ–±–Ω–æ–π –ø—Ä–æ–≥—Ä–∞–º–º—ã –∑–∞ –Ω–µ—Å–∫–æ–ª—å–∫–æ –ª–µ—Ç. –ü—Ä–∞–∫—Ç–∏–∫–∞?! –ó–¥—Ä–∞–≤—Å—Ç–≤—É–π—Ç–µ, —Ç–µ–ø–µ—Ä—å –í—ã –º–µ—Å—è—Ü –∑–∞–º–µ–Ω—è–µ—Ç–µ –±—É—Ö–≥–∞–ª—Ç–µ—Ä–∞, –∑–∞ —ç—Ç–æ –ø–æ–ª—É—á–∏—Ç–µ –±—É–º–∞–∂–∫—É –æ –ø—Ä–æ—Ö–æ–∂–¥–µ–Ω–∏–∏ –ø—Ä–∞–∫—Ç–∏–∫–∏...–ø—Ä–µ–¥–≤–∞—Ä–∏—Ç–µ–ª—å–Ω–æ –ø–Ω—É–≤ 3-4 —á–µ–ª–æ–≤–µ–∫–∞... –û—â—É—â–µ–Ω–∏–µ, —á—Ç–æ –∑–¥–µ—Å—å –ø—Ä–æ—Å–∏—Ä–∞—é —Å–≤–æ—ë –≤—Ä–µ–º—è. 

–ú–Ω–µ —É–∂–µ –ø–ª–µ–≤–∞—Ç—å –Ω–∞ —Å—Ç–∏–ø–µ–Ω–¥–∏—é... –ï—â—ë 3 –≥–æ–¥–∞...–ø–æ—Ç–µ—Ä–ø–µ—Ç—å. –Ø –æ–±—è–∑–∞—Ç–µ–ª—å–Ω–æ —Å–º–æ–≥—É.
–≠—Ç–æ –Ω—ã—Ç—å–µ —á–µ–ª–æ–≤–µ–∫–∞ —Å–æ —Å–ø–µ—Ü–∏–∞–ª–∏—Ç–µ—Ç–∞. 

–ï—Å–ª–∏ —Ö–æ—Ç–∏—Ç–µ –∫–æ—Ä–æ—á–∫—É —ç—Ç–æ–≥–æ –≤—É–∑–∞, –∏–¥–∏—Ç–µ –Ω–∞ –±–∞–∫–∞–ª–∞–≤—Ä–∏–∞—Ç. –°–ø–µ—Ü–∏–∞–ª–∏—Ç–µ—Ç —Ç–æ–≥–æ –Ω–µ —Å—Ç–æ–∏—Ç. 

–î–µ–ª–∞–π—Ç–µ —Ç–æ, —á—Ç–æ –í–∞–º –∏–Ω—Ç–µ—Ä–µ—Å–Ω–æ, –∏–∑—É—á–∞–π—Ç–µ —Ç–æ, —á—Ç–æ —Ö–æ—Ç—å –Ω–µ–º–Ω–æ–≥–æ –∏–Ω—Ç–µ—Ä–µ—Å—É–µ—Ç/—É–¥–∏–≤–ª—è–µ—Ç, –≤–º–µ—Å—Ç–æ —Ç–æ–≥–æ, —á—Ç–æ–±—ã *–±–ª–∞–Ω–∏—Ç—å, –∏–Ω–∞—á–µ –Ω–∏—á–µ–º—É –∑–∞ –≤—Ä–µ–º—è —É—á—ë–±—ã –Ω–µ –Ω–∞—É—á–∏—Ç–µ—Å—å.

–í —Ç–µ—á–µ–Ω–∏–µ –≥–æ–¥–∞-–¥–≤–∞ –Ω–∞ –≤—ã–µ–∑–¥—ã –ø–æ–∫–∞—Ç–∞–π—Ç–µ—Å—å (–∏ –¥—Ä—É–≥–∏–µ –º–µ—Ä–æ–ø—Ä–∏—è—Ç–∏—è, –∫–æ—Ç–æ—Ä—ã–µ —Ö–æ—Ç—å –∫–∞–∫-—Ç–æ –∫–∞–∂—É—Ç—Å—è –∏–Ω—Ç–µ—Ä–µ—Å–Ω—ã–º–∏) –ø—Ä–æ—Å—Ç–æ –ø–æ—Ç–æ–º –í–∞–º —ç—Ç–æ –Ω–∞–¥–æ–µ—Å—Ç...–∫–∞–∫ –∏ —Å–∞–º –≤—É–∑. –¢–∞–∫–∏–º –æ–±—Ä–∞–∑–æ–º, –í—ã –Ω–∞–π–¥—ë—Ç–µ –µ–¥–∏–Ω–æ–º—ã—à–ª–µ–Ω–Ω–∏–∫–æ–≤ –∏ –Ω–µ–ø–ª–æ—Ö–∏—Ö —Å–æ–±–µ—Å–µ–¥–Ω–∏–∫–æ–≤, –∞ –º–± –∏ –¥–µ–≤—É—à–∫—É. 

–ê–Ω–æ–Ω";–ù–µ –º—É—Å–æ—Ä
"–ö–∞–∫ –∂–µ –≤—Å—ë –±–µ—Å–∏—Ç... –ù–∏–∫–∞–∫–æ–≥–æ –∂–µ–ª–∞–Ω–∏—è —á—Ç–æ-–ª–∏–±–æ –¥–µ–ª–∞—Ç—å. –ü—ã—Ç–∞–µ—à—å—Å—è, –≤–∫–ª–∞–¥—ã–≤–∞–µ—à—å –æ—á–µ–Ω—å –º–Ω–æ–≥–æ —Å–∏–ª, –∞ –ø–æ—Ç–æ–º —Ç–æ–ª—å–∫–æ —Ä–∞—Å—Å—Ç—Ä–∞–∏–≤–∞–µ—à—å—Å—è.

–° –ø–µ—Ä–≤–æ–≥–æ –∫—É—Ä—Å–∞ —Ñ–∏–∑–∏–∫–∞, –∫–æ—Ç–æ—Ä—É—é, –¥–∞–∂–µ –µ—Å–ª–∏ –ª—é–±–∏–ª, –≤–æ–∑–Ω–µ–Ω–∞–≤–∏–¥–∏—à—å. –ë–ª–∞–≥–æ, –æ–Ω–∞ –∑–∞–∫–æ–Ω—á–∏–ª–∞—Å—å –Ω–∞ 2 –∫—É—Ä—Å–µ. 
3 –∫—É—Ä—Å, –±—É–¥—É—Ç –ø—Ä–µ–¥–º–µ—Ç—ã –ø–æ —Å–ø–µ—Ü–∏–∞–ª—å–Ω–æ—Å—Ç–∏...–∞–≥–∞, –∫–æ–Ω–µ—á–Ω–æ, —Å–Ω–∞—á–∞–ª–∞ –∑–∞–∫—Ä–æ–π—Ç–µ –æ–±—â–µ–æ–±—Ä–∞–∑–æ–≤–∞—Ç–µ–ª—å–Ω—ã–µ –∏ –±–µ—Å–ø–æ–ª–µ–∑–Ω—ã–µ –ì–û–°–¢—ã. –ö–∞–∂–¥—ã–π –≥—Ä–µ–±–∞–Ω—ã–π —Å–µ–º–∏–Ω–∞—Ä –ø–æ –±–µ–∑–æ–ø–∞—Å–Ω–æ—Å—Ç–∏ –∂–∏–∑–Ω–µ–¥–µ—è—Ç–µ–ª—å–Ω–æ—Å—Ç–∏ - –±–µ—Å–ø–æ–ª–µ–∑–Ω–µ–π—à–∏–µ —Ä–∞–±–æ—Ç—ã...–µ—â—ë –∏ —Ç–∞–∫–∏–µ –∂–µ –ª–∞–±—ã 7 —à—Ç—É–∫... –≤ —Å–ø–µ—Ü–∏–∞–ª—å–Ω—ã–µ –¥–Ω–∏. –ó–∞—á–µ–º?! –û–∫, –¥—Ä—É–≥–∏–µ –ø—Ä–µ–¥–º–µ—Ç—ã... –ü–æ—Ç–æ–º –ø—Ä–∏–≥–æ–¥–∏—Ç—Å—è, –¥–∞–π –ë–æ–∂–µ, 4 —Å–æ –≤—Å–µ–π —É—á–µ–±–Ω–æ–π –ø—Ä–æ–≥—Ä–∞–º–º—ã –∑–∞ –Ω–µ—Å–∫–æ–ª—å–∫–æ –ª–µ—Ç. –ü—Ä–∞–∫—Ç–∏–∫–∞?! –ó–¥—Ä–∞–≤—Å—Ç–≤—É–π—Ç–µ, —Ç–µ–ø–µ—Ä—å –í—ã –º–µ—Å—è—Ü –∑–∞–º–µ–Ω—è–µ—Ç–µ –±—É—Ö–≥–∞–ª—Ç–µ—Ä–∞, –∑–∞ —ç—Ç–æ –ø–æ–ª—É—á–∏—Ç–µ –±—É–º–∞–∂–∫—É –æ –ø—Ä–æ—Ö–æ–∂–¥–µ–Ω–∏–∏ –ø—Ä–∞–∫—Ç–∏–∫–∏...–ø—Ä–µ–¥–≤–∞—Ä–∏—Ç–µ–ª—å–Ω–æ –ø–Ω—É–≤ 3-4 —á–µ–ª–æ–≤–µ–∫–∞... –û—â—É—â–µ–Ω–∏–µ, —á—Ç–æ –∑–¥–µ—Å—å –ø—Ä–æ—Å–∏—Ä–∞—é —Å–≤–æ—ë –≤—Ä–µ–º—è. 

–ú–Ω–µ —É–∂–µ –ø–ª–µ–≤–∞—Ç—å –Ω–∞ —Å—Ç–∏–ø–µ–Ω–¥–∏—é... –ï—â—ë 3 –≥–æ–¥–∞...–ø–æ—Ç–µ—Ä–ø–µ—Ç—å. –Ø –æ–±—è–∑–∞—Ç–µ–ª—å–Ω–æ —Å–º–æ–≥—É.
–≠—Ç–æ –Ω—ã—Ç—å–µ —á–µ–ª–æ–≤–µ–∫–∞ —Å–æ —Å–ø–µ—Ü–∏–∞–ª–∏—Ç–µ—Ç–∞. 

–ï—Å–ª–∏ —Ö–æ—Ç–∏—Ç–µ –∫–æ—Ä–æ—á–∫—É —ç—Ç–æ–≥–æ –≤—É–∑–∞, –∏–¥–∏—Ç–µ –Ω–∞ –±–∞–∫–∞–ª–∞–≤—Ä–∏–∞—Ç. –°–ø–µ—Ü–∏–∞–ª–∏—Ç–µ—Ç —Ç–æ–≥–æ –Ω–µ —Å—Ç–æ–∏—Ç. 

–î–µ–ª–∞–π—Ç–µ —Ç–æ, —á—Ç–æ –í–∞–º –∏–Ω—Ç–µ—Ä–µ—Å–Ω–æ, –∏–∑—É—á–∞–π—Ç–µ —Ç–æ, —á—Ç–æ —Ö–æ—Ç—å –Ω–µ–º–Ω–æ–≥–æ –∏–Ω—Ç–µ—Ä–µ—Å—É–µ—Ç/—É–¥–∏–≤–ª—è–µ—Ç, –≤–º–µ—Å—Ç–æ —Ç–æ–≥–æ, —á—Ç–æ–±—ã *–±–ª–∞–Ω–∏—Ç—å, –∏–Ω–∞—á–µ –Ω–∏—á–µ–º—É –∑–∞ –≤—Ä–µ–º—è —É—á—ë–±—ã –Ω–µ –Ω–∞—É—á–∏—Ç–µ—Å—å.

–í —Ç–µ—á–µ–Ω–∏–µ –≥–æ–¥–∞-–¥–≤–∞ –Ω–∞ –≤—ã–µ–∑–¥—ã –ø–æ–∫–∞—Ç–∞–π—Ç–µ—Å—å (–∏ –¥—Ä—É–≥–∏–µ –º–µ—Ä–æ–ø—Ä–∏—è—Ç–∏—è, –∫–æ—Ç–æ—Ä—ã–µ —Ö–æ—Ç—å –∫–∞–∫-—Ç–æ –∫–∞–∂—É—Ç—Å—è –∏–Ω—Ç–µ—Ä–µ—Å–Ω—ã–º–∏) –ø—Ä–æ—Å—Ç–æ –ø–æ—Ç–æ–º –í–∞–º —ç—Ç–æ –Ω–∞–¥–æ–µ—Å—Ç...–∫–∞–∫ –∏ —Å–∞–º –≤—É–∑. –¢–∞–∫–∏–º –æ–±—Ä–∞–∑–æ–º, –í—ã –Ω–∞–π–¥—ë—Ç–µ –µ–¥–∏–Ω–æ–º—ã—à–ª–µ–Ω–Ω–∏–∫–æ–≤ –∏ –Ω–µ–ø–ª–æ—Ö–∏—Ö —Å–æ–±–µ—Å–µ–¥–Ω–∏–∫–æ–≤, –∞ –º–± –∏ –¥–µ–≤—É—à–∫—É. 

–ê–Ω–æ–Ω";–ù–µ –º—É—Å–æ—Ä
–î—É–º–∞–µ—Ç–µ —É –≤–∞—Å —Å—Ç—Ä–∞–Ω–Ω—ã–µ —Å–æ—Å–µ–¥–∏ –≤ –æ–±—â–∞–≥–µ? –ú–æ—è —Ç–æ–ª—å–∫–æ —á—Ç–æ —Ä–∞–∑–±—É–¥–∏–ª–∞, –ø–æ–ø—Ä–æ—Å–∏–ª–∞ —Å–æ–±—Ä–∞—Ç—å —Å–≤–æ–π –ø–æ—Ç –≤ –±–∞–Ω–æ—á–∫—É. –ó–∞—á–µ–º? –û–Ω–∞ –≤–µ—Ä–∏—Ç –≤ —Ñ–µ—Ä–æ–º–æ–Ω—ã, –∏—Å–ø–æ–ª—å–∑—É–µ—Ç –ø–æ—Ç –≤–º–µ—Å—Ç–æ –¥—É—Ö–æ–≤. —Å–µ–≥–æ–¥–Ω—è –∏–¥–µ—Ç –Ω–∞ —Å–≤–∏–¥–∞–Ω–∏–µ, –Ω–æ —É –Ω–µ–µ –Ω–µ—Ç –æ–≤—É–ª—è—Ü–∏–∏ –≤ —ç—Ç–æ—Ç –¥–µ–Ω—å! –ê —É –º–µ–Ω—è –µ—Å—Ç—å! –í—ã –ø–æ–Ω–∏–º–∞–µ—Ç–µ? –û–Ω–∞ —Å–ª–µ–¥–∏—Ç –∑–∞ –º–æ–∏–º —Ü–∏–∫–ª–æ–º.–ú–∞–º–∞, —è —Ö–æ—á—É –≤ –°–∞—Ä–∞—Ç–æ–≤;–ù–µ –º—É—Å–æ—Ä
–ù–µ—Ç –º–æ—Ç–∏–≤–∞—Ü–∏–∏ —É—á–∏—Ç—å—Å—è. –ù–µ–∏–Ω—Ç–µ—Ä–µ—Å–Ω–æ. –û–¥–Ω–æ–≥—Ä—É–ø–ø–Ω–∏–∫–∏ —Ç–æ–∂–µ –Ω–µ–∏–Ω—Ç–µ—Ä–µ—Å–Ω—ã–µ. –°–∫—É—á–Ω–∞—è —É—á–µ–±–∞. –ù–µ —Å –∫–µ–º –æ–±—â–∞—Ç—å—Å—è. –ë–µ—Å–∏—Ç –≥–æ—Ä–æ–¥, –ª—é–¥–∏, –≤—Å–µ. –•–æ—á–µ—Ç—Å—è –≤—ã–π—Ç–∏. –í—Å–µ —Ñ–∏–≥–æ–≤–æ. –ß—Ç–æ –¥–µ–ª–∞—Ç—å?;–ù–µ –º—É—Å–æ—Ä
–•–æ—á—É –≤—ã—Ä–∞–∑–∏—Ç—å –±–ª–∞–≥–æ–¥–∞—Ä–Ω–æ—Å—Ç—å –ú–æ—Ä–æ–∑—É –ì.–ê. –∑–∞ –ø—Ä–µ–∫—Ä–∞—Å–Ω—ã–π –≥–æ–¥, –ø—Ä–æ—Å—Ç–æ –∑–Ω–∞–π—Ç–µ, —á—Ç–æ –≤—ã –ª—É—á—à–∏–π –∑–∞ 3 –∫—É—Ä—Å–∞ –ø—Ä–µ–ø–æ–¥–∞–≤–∞—Ç–µ–ª—å, –∫–æ—Ç–æ—Ä—ã–π –≤—Å—Ç—Ä–µ—Ç–∏–ª—Å—è –Ω–∞—à–µ–π –≥—Ä—É–ø–ø–µ! –ë–ª–∞–≥–æ–¥–∞—Ä—è –í–∞–º, –º—ã –≥–æ—Ç–æ–≤—ã –Ω–µ —Ç–æ–ª—å–∫–æ –∫ —ç–∫–∑–∞–º–µ–Ω—É –ø–æ –ø–∞—Ç–æ–ª–æ–≥–∏—á–µ—Å–∫–æ–π –∞–Ω–∞—Ç–æ–º–∏–∏, –Ω–æ –∏ –∫ –¥—Ä—É–≥–∏–º —ç–∫–∑–∞–º–µ–Ω–∞–º —ç–∫–≤–∞—Ç–æ—Ä–∞ –ù–∞–ø–∏—Å–∞–ª –±—ã –Ω–µ –∞–Ω–æ–Ω, –Ω–æ —Å—Ç—Ä–∞—à–Ω–µ–Ω—å–∫–æ ^_^));–ú—É—Å–æ—Ä
"–ö–∞–∫ –º—ã —É–∂–µ –≤—Å–µ –ø–æ–Ω—è–ª–∏, —Å–∞–º–∞—è –ª—é–±–≤–∏–æ–±–∏–ª—å–Ω–∞—è –∫–∞—Ñ–µ–¥—Ä–∞ - —ç—Ç–æ –ö–∞—Ñ–µ–¥—Ä–∞ –ø–∞—Ç–æ–ª–æ–≥–∏—á–µ—Å–∫–æ–π –∞–Ω–∞—Ç–æ–º–∏–∏. –ò–º–µ–Ω–Ω–æ —ç—Ç–∞ –∫–∞—Ñ–µ–¥—Ä–∞ –∑–∞—Å—Ç–∞–≤–∏–ª–∞ –º–æ—ë —Å–µ—Ä–¥—Ü–µ —Ç—Ä–µ–ø–µ—Ç–∞—Ç—å. –ü–æ–ª—É—á–∏–≤ –æ–¥–Ω–∞–∂–¥—ã –æ—Ç—Ä–∞–±–æ—Ç–∫—É, —è –¥–æ–ª–≥–æ –Ω–µ–≥–æ–¥–æ–≤–∞–ª–∞, –æ–¥–Ω–∞–∫–æ, –ø—Ä–∏–¥—è –Ω–∞ –∫–∞—Ñ–µ–¥—Ä—É —Ö–º—É—Ä—ã–º —Å—É–±–±–æ—Ç–Ω–∏–º —É—Ç—Ä–æ–º, —è –≤—Å—Ç—Ä–µ—Ç–∏–ª–∞ —Ç–µ–±—è. –¢–≤–æ–∏ –±–µ–∑—É–º–Ω–æ –∫—Ä–∞—Å–∏–≤—ã–µ –≥–ª–∞–∑–∞, —Ç–≤–æ–π –º–∏–ª—ã–π –∫–∞r—Ç–∞–≤—ã–π –≥–æ–ª–æ—Å, —Ç–≤–æ–∏ –∫—É–¥—Ä—è—à–∫–∏, –≤—ã—Å—Ç—É–ø–∞—é—â–∏–µ –Ω–∞ –ª–æ–±. –í —Ç–µ–±–µ –±—ã–ª–æ –ø—Ä–µ–∫—Ä–∞—Å–Ω–æ –≤—Å–µ. –°–æ—á–µ—Ç–∞–Ω–∏–µ —Å—Ç—Ä–æ–≥–æ—Å—Ç–∏ –∏  –º–∏–ª–æ–π —É–ª—ã–±–∫–∏, —Ç–≤–æ–µ–≥–æ –≥—Ä–æ–º–∫–æ–≥–æ , –Ω–æ –ª—é–±—è—â–µ–≥–æ –∫—Ä–∏–∫–∞, –∫–æ—Ç–æ—Ä—ã–π –∏—Å—Ö–æ–¥–∏–ª –∏–∑ —Ç–µ–±—è –≤—Å–µ –≤—Ä–µ–º—è –ø–æ–∫–∞ –º—ã –º–æ–ª—á–∞–ª–∏. –Ø –¥–æ–ª–≥–æ —Å–∏–¥–µ–ª–∞, –¥–∞–∂–µ, –≤–µ—Ä–æ—è—Ç–Ω–æ, —Å–ª–∏—à–∫–æ–º –¥–æ–ª–≥–æ, –ø—Ä–æ–ø—É—Å–∫–∞—è –≤–ø–µ—Ä—ë–¥ —Å–µ–±—è –≤—Å–µ—Ö, –ø–æ—Ç–æ–º—É —á—Ç–æ –±–æ—è–ª–∞—Å—å —Ç–µ–±—è –∫–∞–∫ –æ–≥–Ω—è. –ö —Å–æ–∂–∞–ª–µ–Ω–∏—é, –º–æ–π –ø—É—Ç—å –Ω–∞ —ç—Ç–æ–π –ø—Ä–µ–∫—Ä–∞—Å–Ω–æ–π –∫–∞—Ñ–µ–¥—Ä–µ –µ—â—ë –Ω–µ –æ–∫–æ–Ω—á–µ–Ω, –∞  —Ç–≤–æ–π –±—É–¥—Ç–æ —Ç–æ–ª—å–∫–æ —Ç–æ–ª—å–∫–æ –Ω–∞—á–∏–Ω–∞–µ—Ç—Å—è. –ï—Å–ª–∏ –±—ã –≤ –º–∏—Ä–µ –≤—Å–µ –∏—Å—Ö–æ–¥–∏–ª–æ –ª–∏—à—å –∏–∑ –Ω–∞—à–∏—Ö –∂–µ–ª–∞–Ω–∏–π, —è –±—ã –Ω–µ –ø–æ–ª—É—á–∞–ª–∞ –æ—Ç—Ä–∞–±–æ—Ç–∫–∏ –Ω–∞ –ø–∞—Ä–µ –∫–∞–∂–¥—É—é –Ω–µ–¥–µ–ª—é, –∏ –Ω–µ —Å–¥–∞–≤–∞–ª–∞ –±—ã –∏—Ö —Ç–µ–±–µ –≤ –∏–Ω–¥–∏–≤–∏–¥—É–∞–ª—å–Ω–æ–º –ø–æ—Ä—è–¥–∫–µ. –ù–æ –≤ –º–∏—Ä–µ –Ω–µ –≤—Å–µ –∏—Å—Ö–æ–¥–∏—Ç –∏–∑ –Ω–∞—à–∏—Ö –∂–µ–ª–∞–Ω–∏–π, —è –ø—Ä–æ–¥–æ–ª–∂–∞—é –ø–æ–ª—É—á–∞—Ç—å  –æ—Ç—Ä–∞–±–æ—Ç–∫–∏ –ø–æ –ø–∞—Ç–æ–ª–æ–≥–∏—á–µ—Å–∫–æ–π –∞–Ω–∞—Ç–æ–º–∏–∏ –∏ –±—É–¥—É —Å —Ç–æ–±–æ–π –¥–æ 6 –∫—É—Ä—Å–∞. 
(–ê–Ω–æ–Ω–∏–º–Ω–æ)";–ù–µ –º—É—Å–æ—Ä
"–ú–∞–ª–æ –∫—Ç–æ –∑–Ω–∞–µ—Ç, –Ω–æ –≤—ã–ø—É—Å–∫–Ω–∏–∫–∏ –≤—É–∑–æ–≤ –∏–º–µ—é –ø—Ä–∞–≤–æ –≤–∑—è—Ç—å –ø–æ—Å–ª–µ–¥–∏–ø–ª–æ–º–Ω—ã–µ –∫–∞–Ω–∏–∫—É–ª—ã, –∫–æ—Ç–æ—Ä—ã–µ –±—É–¥—É—Ç –¥–ª–∏—Ç—å—Å—è –ø–ª–æ—Ç—å –¥–æ 31 –∞–≤–≥—É—Å—Ç–∞ (17 —Å—Ç–∞—Ç—å—è 59 –§–ó ""–û–± –æ–±—Ä–∞–∑–æ–≤–∞–Ω–∏–∏ –≤ –†–æ—Å—Å–∏–π—Å–∫–æ–π –§–µ–¥–µ—Ä–∞—Ü–∏–∏""). 

–í–æ –≤—Ä–µ–º—è —ç—Ç–∏—Ö –∫–∞–Ω–∏–∫—É–ª –≤—ã —Ñ–∞–∫—Ç–∏—á–µ—Å–∫–∏ —Å–æ—Ö—Ä–∞–Ω—è–µ—Ç–µ —Å—Ç–∞—Ç—É—Å —Å—Ç—É–¥–µ–Ω—Ç–∞ —Å–æ –≤—Å–µ–º–∏ –ø—Ä–∏–≤–∏–ª–µ–≥–∏—è–º–∏: —Å—Ç–∏–ø–µ–Ω–¥–∏—è, –æ—Ç—Å—Ä–æ—á–∫–∞ –æ—Ç –∞—Ä–º–∏–∏ –∏ –ø—Ä–æ—á–∏–µ –ª—å–≥–æ—Ç—ã. –¢–æ –µ—Å—Ç—å –ø—Ä–∏–∫–∞–∑ –æ –≤–∞—à–µ–º –æ—Ç—á–∏—Å–ª–µ–Ω–∏–µ –¥–æ–ª–∂–µ–Ω –±—É–¥–µ—Ç –≤—ã–π—Ç–∏ –ø–æ–∑–∂–µ, —á–µ–º –æ–±—ã—á–Ω–æ, –Ω–æ –¥–∏–ø–ª–æ–º –≤—ã –ø–æ–ª—É—á–∏—Ç–µ –≤–º–µ—Å—Ç–µ —Å–æ –≤—Å–µ–º–∏.

–î–ª—è —ç—Ç–æ–≥–æ –Ω—É–∂–Ω–æ –ø—Ä–∏–π—Ç–∏ –≤ –¥–µ–∫–∞–Ω–∞—Ç —Å–≤–æ–µ–≥–æ –∏–Ω—Å—Ç–∏—Ç—É—Ç–∞ –∏ –Ω–∞–ø–∏—Å–∞—Ç—å –∑–∞—è–≤–ª–µ–Ω–∏–µ. –°–¥–µ–ª–∞—Ç—å —ç—Ç–æ –º–æ–∂–Ω–æ –∫–∞–∫ –¥–æ –∑–∞—â–∏—Ç—ã (–Ω–æ –≤—Ä—è–¥ –ª–∏ –≤–∞–º –ø–æ–∑–≤–æ–ª—è—Ç —ç—Ç–æ —Å–¥–µ–ª–∞—Ç—å), —Ç–∞–∫ –∏ –ø–æ—Å–ª–µ, –≤—É–∑ –Ω–µ –≤ –ø—Ä–∞–≤–µ –≤–∞–º –æ—Ç–∫–∞–∑–∞—Ç—å.

–ì–æ—Ç–æ–≤—å—Ç–µ—Å—å –∫ —Ç–æ–º—É, —á—Ç–æ –¥–µ–∫–∞–Ω–∞—Ç –±—É–¥–µ—Ç –≤—Å—è—á–µ—Å–∫–∏ –≤–∞—Å –æ—Ç–≥–æ–≤–∞—Ä–∏–≤–∞—Ç—å –ø–∏—Å–∞—Ç—å –∑–∞—è–≤–ª–µ–Ω–∏–µ. –ù–∞–ø—Ä–∏–º–µ—Ä, –±—É–¥—É—Ç –≥–æ–≤–æ—Ä–∏—Ç—å, —á—Ç–æ –≤—ã –Ω–µ —Å–º–æ–∂–µ—Ç–µ –≤–æ–≤—Ä–µ–º—è –ø–æ–ª—É—á–∏—Ç—å –¥–∏–ø–ª–æ–º, —á—Ç–æ–±—ã –ø–æ–¥–∞—Ç—å –∑–∞—è–≤–ª–µ–Ω–∏–µ –Ω–∞ –¥–∞–ª—å–Ω–µ–π—à–µ–µ –æ–±—É—á–µ–Ω–∏–µ (–Ω–∞–ø—Ä–∏–º–µ—Ä, –ø–æ—Å—Ç—É–ø–∏—Ç—å –≤ –º–∞–≥–∏—Å—Ç—Ä–∞—Ç—É—Ä—É). –ü–æ –∫–∞–∫–∏–º –ø—Ä–∏—á–∏–Ω–∞–º –æ–Ω–∏ —ç—Ç–æ –¥–µ–ª–∞—é—Ç - –¥—É–º–∞–π—Ç–µ —Å–∞–º–∏. –õ–∏—á–Ω–æ —è –±—Ä–∞–ª –ø–æ—Å–ª–µ–¥–∏–ø–ª–æ–º–Ω—ã–µ –∫–∞–Ω–∏–∫—É–ª—ã, —á—Ç–æ–±—ã –±–µ–∑ –ø—Ä–æ–±–ª–µ–º (–≤ —á–∞—Å—Ç–Ω–æ—Å—Ç–∏ —Å –≤–æ–µ–Ω–∫–æ–º–∞—Ç–æ–º) –ø–æ—Å—Ç—É–ø–∏—Ç—å —É—á–∏—Ç—å—Å—è –¥–∞–ª—å—à–µ, —Ç–∞–∫ —á—Ç–æ –∏ –≤—ã –¥–µ—Ä–∑–∞–π—Ç–µ. –ï—Å–ª–∏ –Ω—É–∂–Ω–∞ –¥–æ–ø–æ–ª–Ω–∏—Ç–µ–ª—å–Ω–∞—è –∏–Ω—Ñ–æ—Ä–º–∞—Ü–∏—è - –µ–µ –ø–æ–ª–Ω–æ –≤ –∏–Ω—Ç–µ—Ä–Ω–µ—Ç–µ.

–ö—Å—Ç–∞—Ç–∏, –Ω–∞ —Å–∞–π—Ç–µ, —Ä–∞–∑—É–º–µ–µ—Ç—Å—è, –æ–± —ç—Ç–æ–º –Ω–∏—á–µ–≥–æ. –î—É–º–∞—é, –±—ã–ª–æ –±—ã –Ω–µ–ø–ª–æ—Ö–æ —Ä–∞—Å–ø—Ä–æ—Å—Ç—Ä–∞–Ω–∏—Ç—å —ç—Ç—É –∏–Ω—Ñ–æ—Ä–º–∞—Ü–∏—é —Å—Ç—É–¥–µ–Ω—Ç–∞–º. –ú–æ–∂–µ—Ç –±—ã—Ç—å –ø—Ä–µ–¥—Å–µ–¥–∞—Ç–µ–ª—å —Å—Ç—É–¥–µ–Ω—á–µ—Å–∫–æ–≥–æ —Å–æ–≤–µ—Ç–∞ —Å–º–æ–∂–µ—à—å –∑–∞–Ω—è—Ç—å—Å—è —ç—Ç–∏–º –≤–æ–ø—Ä–æ—Å–æ–º?";–ù–µ –º—É—Å–æ—Ä
"–ö–∞—Ñ–µ–¥—Ä–∞ —Ñ–∞—Ä–º–∞–∫–æ–ª–æ–≥–∏–∏, —è –ø–æ—Ä–∞–∂–µ–Ω –≤–∞–º–∏ –≤ —ç—Ç–æ–º –≥–æ–¥—É! –Ø –ø—Ä–æ—Å—Ç–æ –≤ —É–∂–∞—Å–µ, –∫–∞–∫ –≤—ã –¥–æ–ø—É—Å–∫–∞–µ—Ç–µ —Ç–∞–∫–æ–µ –∏ –ø–æ –∫–∞–∫–æ–º—É –ø—Ä–∏–Ω—Ü–∏–ø—É –≤—ã –æ—Ü–µ–Ω–∏–≤–∞–µ—Ç–µ —Ä–∞–±–æ—Ç—ã? –ö–∞–∫ –≤—ã –¥–æ–ø—É—Å—Ç–∏–ª–∏, —á—Ç–æ–±—ã –ª—é–¥–∏ —Å –±–∞–ª–ª–æ–º 7-8 –≤—ã—à–ª–∏ –Ω–∞ –æ–ª–∏–º–ø–∏–∞–¥—É? –ö–∞–∫ –≤—ã –¥–æ–ø—É—Å—Ç–∏–ª–∏ –ª—é–¥–µ–π, –∫–æ—Ç–æ—Ä—ã–µ –±—ã–ª–∏ –∑–∞–º–µ—á–µ–Ω—ã —Å –Ω–∞—É—à–Ω–∏–∫–∞–º–∏ –Ω–∞ –æ–ª–∏–º–ø–∏–∞–¥—É? –ß–µ—Ä—Ç —Å –Ω–∏–º–∏, –¥–æ–ø—É—Å—Ç–∏–ª–∏, –ù–û –∫–∞–∫ –≤—ã –¢–ê–ö–ò–ú –ª—é–¥—è–º —Å—Ç–∞–≤–∏—Ç–µ –æ—Ü–µ–Ω–∫—É –¢–†–ò –Ω–∞ —Ä–∞–≤–Ω—ã—Ö, —á—Ç–æ –∏ –ª—é–¥–∏ —É –∫–æ—Ç–æ—Ä—ã—Ö –ø–æ 13-15 –±–∞–ª–ª–æ–≤? –ö–æ—Ç–æ—Ä—ã–µ —Ä–≤–∞–ª–∏ –æ–¥–Ω–æ –º–µ—Å—Ç–æ –≤–µ—Å—å –≥–æ–¥, –Ω–∏—á–µ–≥–æ –Ω–µ –ø–µ—Ä–µ—Å–¥–∞–≤–∞–ª–∏ –Ω–∏ —Ä–∞–∑—É, –∫–æ—Ç–æ—Ä—ã–µ –≤—ã—à–ª–∏ –ø–æ —á–µ—Å—Ç–Ω–æ–º—É –Ω–∞ –æ–ª–∏–º–ø–∏–∞–¥—É –∏ –ø–æ–ª—É—á–∏–ª–∏ –¢–ê–ö–£–Æ –ñ–ï 3??? –ö–∞–∫ –≤—ã –¥–æ–ø—É—Å–∫–∞–µ—Ç–µ —Ç–∞–∫–æ–µ???
–í—ã –∂–µ –ø–æ–Ω–∏–º–∞–µ—Ç–µ, —á—Ç–æ –ª—é–¥–∏, –∫–æ—Ç–æ—Ä—ã–µ –∏–º–µ—é—Ç –Ω–∏–∑–∫–∏–µ –±–∞–ª–ª—ã –∏ –±—ã–ª–∏ –∑–∞–º–µ—á–µ–Ω—ã –∑–∞ —Å–ø–∏—Å—ã–≤–∞–Ω–∏–µ–º –ù–ï –ú–û–ì–£–¢ –∫–ª–∞—Å—Å–Ω–æ –Ω–∞–ø–∏—Å–∞—Ç—å –æ–ª–∏–º–ø–∏–∞–¥—É, –Ω–æ –≤—ã —Å—Ç–∞–≤–∏—Ç–µ –∏–º —Ç–∞–∫—É—é –∂–µ —Ç—Ä–∏, –∫–∞–∫ –∏ –¥—Ä—É–≥–∏–º, –∫—Ç–æ —Ä–µ–∞–ª—å–Ω–æ –Ω–∞–ø–∏—Å–∞–ª, –∫—Ç–æ –∑–∞—Å–ª—É–∂–∏–ª —Å–≤–æ–∏ –±–∞–ª–ª—ã –∏ –Ω–∞–¥–µ—è–ª—Å—è –Ω–∞ –≥—Ä–µ–±–∞–Ω—É—é 4, —è –∫–æ–≥–¥–∞ —ç—Ç–æ —É–≤–∏–¥–µ–ª, —Ç–æ –±—ã–ª –ø—Ä–æ—Å—Ç–æ —à–æ–∫–∏—Ä–æ–≤–∞–Ω –æ—Ç —Ç–∞–∫–æ–π —Ö–∞–ª–∞—Ç–Ω–æ—Å—Ç–∏ –∏ ""–¥–æ–±—Ä–æ—Ç—ã"" –∫ —Å—Ç—É–¥–µ–Ω—Ç–∞–º.";–ù–µ –º—É—Å–æ—Ä
—Å–∫–æ–ª—å–∫–æ –¥–ª–∏—Ç—Å—è –ø—Ä–æ—Ü–µ—Å—Å –æ—Ç—á–∏—Å–ª–µ–Ω–∏—è? —è –±–æ–ª—å—à–µ –Ω–µ –≤—ã–≤–æ–∂—É —ç—Ç—É –ø–æ–º–æ–π–∫—É. –∞–Ω–æ–Ω;–ü—Ä–æ–≤–µ—Ä–∏—Ç—å –≤—Ä—É—á–Ω—É—é
"–°–∞–º–∞—è –ª—É—á—à–∞—è –∫–∞—Ñ–µ–¥—Ä–∞ –≤—É–∑–∞ —ç—Ç–æ –∫–∞—Ñ–µ–¥—Ä–∞ —ç–ø–∏–¥–µ–º–∫–∏, –ø—Ä–æ—Å—Ç–æ –≤–∞–Ω–ª–∞–≤‚ù§Ô∏è
–ê–Ω–æ–Ω";–ü—Ä–æ–≤–µ—Ä–∏—Ç—å –≤—Ä—É—á–Ω—É—é
"–ö–∞–Ω–¥–∏–¥–∞—Ç 3‚É£
  –ü—Ä–∏–≤–µ—Ç, –Ø-–ê–ª—ë–Ω–∞ –ú–∞–∫–∞—Ä–µ–≤–∏—á, —Å—Ç—É–¥–µ–Ω—Ç–∫–∞ 2 –∫—É—Ä—Å–∞ –ü–û–î–û. –Ø –æ—á–µ–Ω—å –ª—é–±–ª—é –Ω–∞—à –∏–Ω—Å—Ç–∏—Ç—É—Ç –∏—Å–∫—É—Å—Å—Ç–≤ –∏ –≤—Å–µ—Ö —Ä–µ–±—è—Ç, –∫–æ—Ç–æ—Ä—ã–µ —É –Ω–∞—Å —É—á–∞—Ç—Å—è. 
  
  –ê–∫—Ç–∏–≤ –Ω–∞—à–µ–≥–æ –∏–Ω—Å—Ç–∏—Ç—É—Ç–∞ —Å—Ç–∞–ª –¥–ª—è –º–µ–Ω—è –Ω–∞—Å—Ç–æ—è—â–µ–π —Å–µ–º—å—ë–π. –ú—ã –∏—Å–ø—ã—Ç–∞–ª–∏ –æ—á–µ–Ω—å –º–Ω–æ–≥–æ —è—Ä–∫–∏—Ö —ç–º–æ—Ü–∏–π: –≥–æ—Ç–æ–≤–∏–ª–∏ –ø—Ä–∞–∑–¥–Ω–∏–∫–∏, —Å–Ω–∏–º–∞–ª–∏ –≤–∏–¥–µ–æ –¥–ª—è –∫–≤–µ—Å—Ç–∞ –Ω–∞ —Ö—ç–ª–ª–æ—É–∏–Ω, –µ–∑–¥–∏–ª–∏ –≤–º–µ—Å—Ç–µ –Ω–∞ —Å–ª—ë—Ç –∞–∫—Ç–∏–≤–∞ –ù–ì–ü–£ –∏ –ø—Ä–æ—Å—Ç–æ —Ö–æ—Ä–æ—à–æ –ø—Ä–æ–≤–æ–¥–∏–ª–∏ –≤—Ä–µ–º—è –∑–∞ –∏–Ω—Ç–µ—Ä–µ—Å–Ω—ã–º–∏ —Ä–∞–∑–≥–æ–≤–æ—Ä–∞–º–∏. 
  
  –Ø –±—ã —Ö–æ—Ç–µ–ª–∞ —á—Ç–æ–±—ã –∞–∫—Ç–∏–≤ –Ω–∞—à–µ–≥–æ –∏–Ω—Å—Ç–∏—Ç—É—Ç–∞ —Ä–∞–∑–≤–∏–≤–∞–ª—Å—è –∏ —á–∞—â–µ –æ–±—â–∞–ª—Å—è —Å —Ä–µ–±—è—Ç–∞–º–∏ –∏–∑ –¥—Ä—É–≥–∏—Ö —Ñ–∞–∫—É–ª—å—Ç–µ—Ç–æ–≤. –ê –µ—â—ë —è, –∫–∞–∫ –∏ –º–Ω–æ–≥–∏–µ, —Ö–æ—á—É —á—Ç–æ–±—ã –ø–æ—Å–∫–æ—Ä–µ–µ –æ—Ç–∫—Ä—ã–ª–∞—Å—å —Å—Ç–æ–ª–æ–≤–∞—è üòÖ.
  
  –Ø —Ö–æ—á—É –æ—Ä–≥–∞–Ω–∏–∑–æ–≤–∞—Ç—å –Ω–∞ –±–∞–∑–µ –Ω–∞—à–µ–≥–æ –≤—É–∑–∞ –Ω–µ—Å–∫–æ–ª—å–∫–æ –∫—Ä—É–∂–∫–æ–≤ –ø–æ –∏–Ω—Ç–µ—Ä–µ—Å–∞–º, —á—Ç–æ–±—ã —Ä–µ–±—è—Ç–∞ –∏–∑ —Ä–∞–∑–Ω—ã—Ö –≥—Ä—É–ø–ø –∏ –ø–æ—Ç–æ–∫–æ–≤ –º–æ–≥–ª–∏ –∑–Ω–∞–∫–æ–º–∏—Ç—Å—è –¥—Ä—É–≥ —Å –¥—Ä—É–≥–æ–º, –Ω–∞—Ö–æ–¥–∏—Ç—å —Å–µ–±–µ –Ω–∞–¥—ë–∂–Ω—ã—Ö —Ç–æ–≤–∞—Ä–∏—â–µ–π –ø–æ —É—á—ë–±–µ –∏ –¥—Ä—É–∑–µ–π –ø–æ —É–≤–ª–µ—á–µ–Ω–∏—è–º. 
  
  –°—á–∏—Ç–∞—é, —á—Ç–æ –º—ã –≤–º–µ—Å—Ç–µ —Å–º–æ–∂–µ–º —Å–¥–µ–ª–∞—Ç—å –Ω–∞—à—É —Å—Ç—É–¥–µ–Ω—á–µ—Å–∫—É—é –∂–∏–∑–Ω—å —è—Ä—á–µ –∏ –∏–Ω—Ç–µ—Ä–µ—Å–Ω–µ–π!!!üíï";–ù–µ –º—É—Å–æ—Ä
—Ä–µ–±—è—Ç–∞ –∏–∑ 6 –æ–±—â–∞–≥–∏ —á—Ç–æ —É –≤–∞—Å —Å –≤–æ–¥–æ–π? —Ç–æ–∂–µ —á—É–≤—Å—Ç–≤—É–µ—Ç–µ —ç—Ç–æ—Ç –∑–∞–ø–∞—Ö? –º–æ–∂–µ—Ç –Ω–∞–¥–æ –∫–æ–º–µ–Ω–¥–µ —Å–∫–∞–∑–∞—Ç—å? –∏–ª–∏ —è —Å–æ—à–µ–ª —Å —É–º–∞??????;–ù–µ –º—É—Å–æ—Ä
–° –ë–∞–±–∞–∫–∏–Ω—ã–º –µ—â—ë —Å–ø–æ—Ä–∏—Ç—å –æ–ø–∞—Å–Ω–æ. –ü–æ—Å—Ç–∞–≤–∏—Ç —Å—Ä–∞–∑—É –¥–≤–∞;–ù–µ –º—É—Å–æ—Ä
–î–∞ —á—Ç–æ –≤—ã –∑–Ω–∞–µ—Ç–µ –æ –Ω–µ—Å–ø—Ä–∞–≤–µ–¥–ª–∏–≤–æ—Å—Ç–∏? –õ—é–¥–∏, –∫–æ—Ç–æ—Ä—ã–µ –Ω–∏—Ñ–∏–≥–∞ –Ω–µ –¥–µ–ª–∞–ª–∏ –≤–µ—Å—å –≥–æ–¥, –Ω–∞–±—Ä–∞–ª–∏ –∫—É—á—É –ø—Ä–æ–ø—É—Å–∫–æ–≤ –∏ –∫–æ–µ –∫–∞–∫ –∑–∞–∫—Ä—ã–ª–∏, —Å –º–∞–ª–µ–Ω—å–∫–∏–º–∏ –±–∞–ª–ª–∞–º–∏ 25-27 –ø—Ä–∏—à–ª–∏ –Ω–∞ —Ç–µ—Ä–∞–ø–∏—é –∏ —Å–¥–∞–ª–∏ –µ–µ!!! –¢–æ–ª—å–∫–æ –ø–æ—Ç–æ–º—É —á—Ç–æ –ø—Ä–∏—à–ª–∏ –¥–æ–±—Ä–µ–Ω—å–∫–∏–µ –ø—Ä–µ–ø–æ–¥–∞–≤–∞—Ç–µ–ª–∏ —Å –∫–∞—Ñ–µ–¥—Ä—ã –ø–≤–±, –∫–æ—Ç–æ—Ä—ã–µ —Ç—è–Ω—É–ª–∏ –¥–æ –ø–æ—Å–ª–µ–¥–Ω–µ–≥–æ. –ò –≤—ã—Ö–æ–¥—è—Ç —Å —ç–∫–∑–∞–º–µ–Ω–∞ —Å —Ç–∞–∫–æ–π –∂–µ –æ—Ü–µ–Ω–∫–æ–π, –∫–∞–∫ –∏ –æ—Å—Ç–∞–ª—å–Ω—ã–µ. –†–∞–Ω—å—à–µ –≤—Å–µ –±—ã–ª–æ –Ω–µ —Ç–∞–∫ –Ω–∞ —ç—Ç–æ–π –∫–∞—Ñ–µ–¥—Ä–µ, –≤ —ç—Ç–æ–º –≥–æ–¥—É —Ä–∞–∑–¥–æ–±—Ä–∏–ª–∏—Å—å –≤—Å–µ.;–ù–µ –º—É—Å–æ—Ä
"–í –∫–∞–∫–∏—Ö-—Ç–æ –ø—Ä–∞–≤–∏–ª–∞—Ö –æ–±—â–µ–∂–∏—Ç–∏—è –ø—Ä–æ–ø–∏—Å–∞–Ω–æ, —á—Ç–æ –Ω–µ–ª—å–∑—è –∏—Å–ø–æ–ª—å–∑–æ–≤–∞—Ç—å —Ä–æ—É—Ç–µ—Ä –≤ –∫–æ–º–Ω–∞—Ç–∞—Ö? –ê —Ç–æ –Ω–∞—Å —Ç—É—Ç –Ω–∞—á–∞–ª–∏ –∫–æ—à–º–∞—Ä–∏—Ç—å, —á—Ç–æ —ç—Ç–æ —á—É—Ç—å –ª–∏ –Ω–µ –ø—Ä–∏—Ä–∞–≤–Ω–∏–≤–∞–µ—Ç—Å—è –∫ –∫—É—Ä–µ–Ω–∏—é –∫–∞–ª—å—è–Ω–æ–≤ –∏ —É–ø–æ—Ç—Ä–µ–±–ª–µ–Ω–∏—é –≤–æ–¥–∫–∏ –∏–∑ –±—É—Ç—ã–ª–∫–∏, –∏ –µ—Å–ª–∏ —Å–ø–∞–ª—è—Ç, —Ç–æ –∏–∑—ã–º—É—Ç —Å –ø–æ—Å–ª–µ–¥—É—é—â–∏–º –≤—ã–≥–æ–≤–æ—Ä–æ–º. –ï—Å–ª–∏ —ç—Ç–æ –ø—Ä–∞–≤–¥–∞, —Ç–æ –ø–æ—á–µ–º—É –∑–∞–±–∏—Ä–∞—é—Ç-—Ç–æ –∏ —á—Ç–æ —Ç—É—Ç –∑–∞–ø—Ä–µ—â–µ–Ω–Ω–æ–≥–æ? 

–ê–Ω–æ–Ω";–ü—Ä–æ–≤–µ—Ä–∏—Ç—å –≤—Ä—É—á–Ω—É—é
–ö–∞–∫ –∂–µ —è —Ä–∞–∑–æ—á–∞—Ä–æ–≤–∞–Ω, —á—Ç–æ –ø–æ—Å—Ç—É–ø–∏–ª –∏–º–µ–Ω–Ω–æ –≤ —ç—Ç—É —à–∞—Ä–∞–≥—É, –¥—É–º–∞–ª —Ö–æ—Ç—è –±—ã —Ö*–∏ –º–æ–∂–Ω–æ –±—É–¥–µ—Ç –ø–∏–Ω–∞—Ç—å, –∞ —Ç—É—Ç —Ç–∞–∫–æ–µ –∫–æ–ª–∏—á–µ—Å—Ç–≤–æ —Å–æ–≤–µ—Ä—à–µ–Ω–Ω–æ –º—É—Å–æ—Ä–Ω—ã—Ö –ø—Ä–µ–¥–º–µ—Ç–æ–≤ –∏ –µ—â–µ –ø–æ –∫–∞–∂–¥–æ–º—É –ø—Ä–µ–¥–º–µ—Ç—É –∑–∞—á–µ—Ç—ã –¥–∞ —Ä–µ—Ñ–µ—Ä–∞—Ç—ã.;–ù–µ –º—É—Å–æ—Ä
–†–∞–∑–±–µ—Ä–µ–º —Å–∏—Ç—É–∞—Ü–∏—é —Å —Ñ–∞—Ä–º–æ–π: —á–µ–ª–æ–≤–µ–∫, –ø–∏—à–µ—Ç –æ —Ç–æ–º, —á—Ç–æ –µ–≥–æ –±–µ—Å–ø–æ–∫–æ–∏—Ç, –¥–µ–ª–∏—Ç—Å—è –ø–µ—Ä–µ–∂–∏–≤–∞–Ω–∏—è–º–∏. –ó–∏–Ω—á–µ–Ω–∫–æ –¥–æ–µ–±—ã–≤–∞–µ—Ç—Å—è –¥–æ –ø—Ä–∞–≤–æ–ø–∏—Å–∞–Ω–∏—è. –ü—É–ø—Å–∏–∫, —Ç—ã –Ω–∞ —Ä—É—Å—Å–∫–æ–º –º–µ–¥–≤–µ–∂–æ–Ω–∫–µ —á—Ç–æ-–ª–∏, –∏–ª–∏ –Ω–∞ —ç–∫–∑–∞–º–µ–Ω–µ –ø–æ —Ä—É—Å—Å–∫–æ–º—É —è–∑—ã–∫—É? –≠—Ç–æ –∫–∞–∫ –º–∏–Ω–∏–º—É–º –Ω–∏–∑–∫–æ –∏ –Ω–µ—ç–º–ø–∞—Ç–∏—á–Ω–æ –ø–æ –æ—Ç–Ω–æ—à–µ–Ω–∏—é –∫ –∞–≤—Ç–æ—Ä—É –ø–æ—Å—Ç–∞. –ö —Ç–µ–±–µ –ø–∞—Ü–∏–µ–Ω—Ç –ø—Ä–∏–¥–µ—Ç, –∏ —Å–∫–∞–∂–µ—Ç, —á—Ç–æ —É –Ω–µ–≥–æ –±–æ–ª–∏—Ç –∂–∏–≤–æ—Ç, –∏ —á—Ç–æ –æ–Ω –ø–µ—Ä–µ–µ–ª —Ç–æ—Ä—Ç–æ–≤. –¢—ã —Ç–æ–∂–µ –±—É–¥–µ—à—å –¥–æ–µ–±—ã–≤–∞—Ç—å—Å—è –¥–æ —É–¥–∞—Ä–µ–Ω–∏—è? –ò —Ç–µ–º, –∫—Ç–æ –≥–æ–≤–æ—Ä–∏—Ç —á—Ç–æ –Ω–µ –≤–∞–∂–Ω—ã –æ—Ü–µ–Ω–∫–∏: –≤–∞–º –º–æ–∂–µ—Ç –æ–Ω–∏ –∏ –Ω–µ –Ω—É–∂–Ω—ã, –∑–∞—Ç–æ –Ω—É–∂–Ω—ã —Å—Ç—É–¥–µ–Ω—Ç–∞–º 3 –∫—É—Ä—Å–∞, –¥–ª—è —Å—Ç–∏–ø–µ–Ω–¥–∏–∏. –£ –Ω–∏—Ö —Å–µ—Ä—Ç–∏—Ñ–∏–∫–∞—Ç–∞ —Ç–æ –¥–∞–∂–µ –µ—â–µ –Ω–µ—Ç—É, —á—Ç–æ–±—ã —Ä–∞–±–æ—Ç–∞—Ç—å.;–ü—Ä–æ–≤–µ—Ä–∏—Ç—å –≤—Ä—É—á–Ω—É—é
"–ö–∞—Ñ–µ–¥—Ä–∞ –Ω–æ—Ä–º. —Ñ–∏–∑–æ, –º–Ω–µ –∫–∞–∂–µ—Ç—Å—è –≤–∞–º –ø–æ—Ä–∞ –æ—Ç–ø—Ä–∞–≤–∏—Ç—å –¢–∫–∞—á—É–∫ –ê.–ê. –≤ –¥–µ–∫—Ä–µ—Ç–Ω—ã–π –æ—Ç–ø—É—Å–∫, –ø—Ä–µ–ø–æ–¥–∞–≤–∞—Ç–µ–ª—å –Ω–∞ —ç–∫–∑–∞–º–µ–Ω–µ –∏ –Ω–∞ –æ–ª–∏–º–ø–∏–∞–¥–µ –±—ã–ª–∞ –≤–µ—á–Ω–æ —Ä–∞–∑–¥—Ä–∞–∂–µ–Ω–Ω–æ–π –∏ –æ—Å–∫–æ—Ä–±–ª—è–ª–∞ –≤—Å–µ—Ö —Å—Ç—É–¥–µ–Ω—Ç–æ–≤. –ï—Å–ª–∏ –≤–∞—Å, –ê.–ê. –≤—Å–µ —Ç–∞–∫ –±–µ—Å–∏—Ç –∏ –≤—ã —Å—Ä—ã–≤–∞–µ—Ç–µ—Å—å –Ω–∞ —Å—Ç—É–¥–µ–Ω—Ç–∞—Ö, –∑–∞—á–µ–º –≤—ã –≤–æ–æ–±—â–µ —Å–µ–ª–∏ –ø—Ä–∏–Ω–∏–º–∞—Ç—å —ç–∫–∑–∞–º–µ–Ω –≤ —Ç–∞–∫–æ–º –ø–æ–ª–æ–∂–µ–Ω–∏–∏? 
–ß—Ç–æ —Ç–æ –¥–µ–ª–∞–µ—à—å –Ω–µ —Ç–∞–∫ –ø–æ –º–Ω–µ–Ω–∏—é –ê.–ê., —Å—á–∏—Ç–∞–π –±—É–¥–µ—à—å –æ–±–ª–∏—Ç –≥0–≤–Ω0–º —Å –Ω–æ–≥ –¥–æ –≥–æ–ª–æ–≤—ã, –Ω–µ —Ç–∞–∫ —Å–∏–¥–∏—à—å, —Å—Ç–æ–∏—à—å, –∑–∞—á–µ—Ç–∫—É –ø–æ–¥–∞–µ—à—å - —Ç–µ–±—è –æ–±–æ—Å—Ä—É—Ç.";–ù–µ –º—É—Å–æ—Ä
"–ê–Ω–æ–Ω–∏–º–Ω–æüôè
–†–µ–±—è—Ç,–∫—Ç–æ –∑–Ω–∞–µ—Ç/–∑–Ω–∞–∫–æ–º —Å –ú–∏—Ö–∞–Ω–æ–≤–æ–π –û.–ü. –ù–∏–∫–∞–∫ –Ω–µ —Å–¥–∞–¥–∏–º –µ–π —ç–∫–∑–∞–º–µ–Ω,–º–æ–∂–µ—Ç –∫—Ç–æ —Ç–æ —Å—Ç–∞–ª–∫–∏–≤–∞–ª—Å—è? –ö–∞–∫–æ–π –ø–æ–¥—Ö–æ–¥ –ø–æ–¥–æ–±—Ä–∞—Ç—å,–º–æ–∂–µ—Ç —á—Ç–æ –ø–æ–¥–∞—Ä–∏—Ç—å –∏–ª–∏ –∫–∞–∫ –Ω–∏–±—É–¥—å –¥—Ä—É–≥–∏–º —Å–ø–æ—Å–æ–±–æ–º –º–æ–∂–Ω–æ –≤—Å–µ —É—Ä–µ–≥—É–ª–∏—Ä–æ–≤–∞—Ç—å?";–ù–µ –º—É—Å–æ—Ä
"–î–æ–±—Ä–æ–≥–æ –≤—Ä–µ–º–µ–Ω–∏ —Å—É—Ç–æ–∫, —Å—Ç—É–¥–µ–Ω—Ç—ã –ª—É—á—à–µ–≥–æ –í–£–ó–∞!

–•–æ—á—É –ø–æ–¥–Ω—è—Ç—å –Ω–∞ –æ–±—Å—É–∂–¥–µ–Ω–∏–µ –æ–¥–∏–Ω –≤–æ–ø—Ä–æ—Å: –Ω–∏–∫–æ–≥–æ –Ω–µ —Å–º—É—â–∞–µ—Ç –≤ —Ç–µ–ª–µ–≥–µ —Ä–∞—Å—Å—ã–ª–∫–∞ –æ—Ç –∫–æ—Ä–ø—É—Å–æ–≤ –∏ —Å–æ–æ–±—â–µ—Å—Ç–≤?
–ù–µ –ø–æ–∫–∞–∑–∞–ª–æ—Å—å –ª–∏ –≤–∞–º —Å—Ç—Ä–∞–Ω–Ω—ã–º, —á—Ç–æ –∫–∞—Ä—Ç–∏–Ω–∫–∏ —Å –∫—Ä—É–≥–ª—ã–º–∏ –≥–µ—Ä–æ—è–º–∏ –≤—ã–≥–ª—è–¥—è—Ç —Ç—É–ø–æ –≤—ã—Ä–µ–∑–∞–Ω–Ω—ã–º–∏ –Ω–µ –≤ —Å–∞–º–æ–º –∫–∞—á–µ—Å—Ç–≤–µ–Ω–Ω–æ–º —Ä–µ–Ω–¥–µ—Ä–µ –∏–∑–æ–±—Ä–∞–∂–µ–Ω–∏–π?

–Ø, –∫–æ–Ω–µ—á–Ω–æ, –ø–æ–Ω–∏–º–∞—é, —á—Ç–æ –≤—Å–µ–º –¥–æ —ç—Ç–æ–≥–æ –∫–∞–∫ –¥–æ –ª—É–Ω—ã. –ù–æ –ø—Ä–æ–±–ª–µ–º—ã —É –ª—É—á—à–µ–≥–æ –í–£–ó–∞ –ø–æ—Å–ª–µ –ø–æ–¥–∞—á–∏ –≤ —Å—É–¥ –Ω–∞ –Ω–µ—Å–∞–Ω–∫—Ü–∏–æ–Ω–∏—Ä–æ–≤–∞–Ω–Ω–æ–µ –∏—Å–ø–æ–ª—å–∑–æ–≤–∞–Ω–∏–µ –∞–≤—Ç–æ—Ä—Å–∫–∏—Ö –ø—Ä–∞–≤ –Ω–µ –ø—Ä–∏–Ω–µ—Å—É—Ç –Ω–∞–º –ø–æ–ª—å–∑—ã. –ê –µ—Å–ª–∏ –æ—à—Ç—Ä–∞—Ñ—É—é—Ç –Ω–µ –∫–æ–Ω–∫—Ä–µ—Ç–Ω–æ–≥–æ —á–µ–ª–æ–≤–µ–∫–∞, –æ—Ç–≤–µ—Ç—Å—Ç–≤–µ–Ω–Ω–æ–≥–æ –∑–∞ —ç—Ç–æ —Ç–≤–æ—Ä—á–µ—Å—Ç–≤–æ, –∞ —Ü–µ–ª—ã–π –î–í–§–£? –ö–∞–∫ –¥—É–º–∞–µ—Ç–µ, —á—Ç–æ –±—É–¥–µ—Ç –ø–æ—Å–ª–µ? –î–∞–≤–∞–π—Ç–µ —É—Å—Ç—Ä–æ–∏–º –ß–ë–î?";–ú—É—Å–æ—Ä
"""–ö–æ–ª–æ–Ω–∫—É –≤ –∂–æ–ø—É —É–±–µ—Ä–∏. ... –í—ã –∂, —Å—É–∫–∞, —Ç—É–ø—ã–µ —Å–æ–∑–¥–∞–Ω–∏—è, –≤—ã –Ω–µ –ø–æ–Ω–∏–º–∞–µ—Ç–µ –Ω–æ—Ä–º–∞–ª—å–Ω–æ–≥–æ —è–∑—ã–∫–∞ —á–µ–ª–æ–≤–µ—á–µ—Å–∫–æ–≥–æ"". 

–õ—é–±–µ–∑–Ω–∞—è –ø—Ä–æ—Å—å–±–∞ –æ—Ç –æ–¥–Ω–æ–≥–æ –∏–∑ –æ—Ö—Ä–∞–Ω–Ω–∏–∫–æ–≤ –æ–±—â–µ–∂–∏—Ç–∏—è –î–ê–° –ú–ì–£ —Å–¥–µ–ª–∞—Ç—å –º—É–∑—ã–∫—É –ø–æ—Ç–∏—à–µ –≤–æ –≤—Ä–µ–º—è —Ç–æ–≥–æ, –∫–∞–∫ –æ–Ω —É–≤–∏–¥–µ–ª —Å—Ç–æ—è—â—É—é —É –æ–±—â–∞–≥–∏ —Ç–æ–ª–ø—É —Å—Ç—É–¥–µ–Ω—Ç–æ–≤. 

–ü–æ —Å–ª–æ–≤–∞–º –æ–¥–Ω–æ–≥–æ –∏–∑ —Å—Ç—É–¥–µ–Ω—Ç–æ–≤, –ø—Ä–∏—Å—É—Ç—Å—Ç–≤–æ–≤–∞–≤—à–∏—Ö –ø—Ä–∏ –¥–∞–Ω–Ω–æ–º –æ–∫–ª–∏–∫–µ, –∫–æ–Ω–∫—Ä–µ—Ç–Ω–æ –¥–∞–Ω–Ω—ã–π –æ—Ö—Ä–∞–Ω–Ω–∏–∫ –ø–µ—Ä–∏–æ–¥–∏—á–µ—Å–∫–∏ –≤–µ–¥—ë—Ç —Å–µ–±—è –≥—Ä—É–±–æ –∏ –ø–æ–∑–≤–æ–ª—è–µ—Ç —Ö–∞–º–∏—Ç—å –∂–∏—Ç–µ–ª—è–º –æ–±—â–µ–∂–∏—Ç–∏—è.";–ü—Ä–æ–≤–µ—Ä–∏—Ç—å –≤—Ä—É—á–Ω—É—é
"–ü—Ä–æ—Å—Ç–∏—Ç–µ, –Ω–æ —Å–∏–ª —Ç–µ—Ä–ø–µ—Ç—å –Ω–µ—Ç, –ª—é–¥–∏, –∫–æ—Ç–æ—Ä—ã–µ —Å–ø—Ä–∞—à–∏–≤–∞—é—Ç –ö–ê–ö –£ –í–ê–° –£–ß–ò–¢–¨–°–Ø –ò –¢–î. 
–ö–∞–∫ —Ç–æ–ª—å–∫–æ –ø–æ–ª—É—á–∞—é—Ç –∏–Ω—Ñ—É, —Ç–æ –∫–∏–¥–∞—é—Ç –≤ —á–µ—Ä–Ω—ã–π —Å–ø–∏—Å–æ–∫, —Ö–æ—Ç—è —è —á—É—Ç—å –±–æ–ª—å—à–µ —á–µ—Ä–µ–∑ 1 –ú–ò–ù–£–¢–£ –Ω–∞–ø–∏—Å–∞–ª–∏ –∏ —É–∂–µ –≤ —á—Å. 

–ó–Ω–∞–π—Ç–µ, –∫—Ç–æ —Ç–∞–∫ –ø–æ—Å—Ç—É–ø–∞–µ—Ç, –í–ê–ú –ë–£–î–ï–¢ –¢–Ø–ñ–ï–õ–û –£–ß–ò–¢–¨–°–Ø –ó–î–ï–°–¨.";–ù–µ –º—É—Å–æ—Ä
"–ü—Ä–æ—Å—Ç–∏—Ç–µ, –Ω–æ —Å–∏–ª —Ç–µ—Ä–ø–µ—Ç—å –Ω–µ—Ç, –ª—é–¥–∏, –∫–æ—Ç–æ—Ä—ã–µ —Å–ø—Ä–∞—à–∏–≤–∞—é—Ç –ö–ê–ö –£ –í–ê–° –£–ß–ò–¢–¨–°–Ø –ò –¢–î. 
–ö–∞–∫ —Ç–æ–ª—å–∫–æ –ø–æ–ª—É—á–∞—é—Ç –∏–Ω—Ñ—É, —Ç–æ –∫–∏–¥–∞—é—Ç –≤ —á–µ—Ä–Ω—ã–π —Å–ø–∏—Å–æ–∫, —Ö–æ—Ç—è —è —á—É—Ç—å –±–æ–ª—å—à–µ —á–µ—Ä–µ–∑ 1 –ú–ò–ù–£–¢–£ –Ω–∞–ø–∏—Å–∞–ª–∏ –∏ —É–∂–µ –≤ —á—Å. 

–ó–Ω–∞–π—Ç–µ, –∫—Ç–æ —Ç–∞–∫ –ø–æ—Å—Ç—É–ø–∞–µ—Ç, –í–ê–ú –ë–£–î–ï–¢ –¢–Ø–ñ–ï–õ–û –£–ß–ò–¢–¨–°–Ø –ó–î–ï–°–¨.";–ü—Ä–æ–≤–µ—Ä–∏—Ç—å –≤—Ä—É—á–Ω—É—é
"–±–∞—É–º–∞–Ω–∫–∞ –≥–æ–≤–Ω–æ –≥–¥–µ –Ω–∏—á–µ–º—É –Ω–µ —É—á–∞—Ç –∞ –ª–∏—à—å –∑–∞—Å—Ç–∞–≤–ª—è—é—Ç —Å—Ç—É–¥–µ–Ω—Ç–æ–≤ –¥–µ–ª–∞—Ç—å –ø—Ä–æ—Å—Ç–æ –∫–∞–∫–æ–µ —Ç–æ –≥–æ–≤–Ω–æ
 –ê–Ω–æ–Ω";–ù–µ –º—É—Å–æ—Ä
"–±–∞—É–º–∞–Ω–∫–∞ –≥–æ–≤–Ω–æ –≥–¥–µ –Ω–∏—á–µ–º—É –Ω–µ —É—á–∞—Ç –∞ –ª–∏—à—å –∑–∞—Å—Ç–∞–≤–ª—è—é—Ç —Å—Ç—É–¥–µ–Ω—Ç–æ–≤ –¥–µ–ª–∞—Ç—å –ø—Ä–æ—Å—Ç–æ –∫–∞–∫–æ–µ —Ç–æ –≥–æ–≤–Ω–æ
 –ê–Ω–æ–Ω";–ù–µ –º—É—Å–æ—Ä
"–ê–ù–û–ù

–õ–∏—á–Ω–æ –º–Ω–µ –Ω–µ –∑–Ω–∞–∫–æ–º—ã —ç—Ç–∏ –ø—Ä–æ–±–ª–µ–º—ã, —É –º–µ–Ω—è —Å–ø–æ—Ä—Ç–∑–∞–ª, –Ω–æ
–£–∂–µ —Å–∫–æ–ª—å–∫–æ –ª–µ—Ç —Ñ–∏–∑–∫—É–ª—å—Ç—É—Ä–∞ –ø–∞—Ä–∞–∑–∏—Ç–∏—Ä—É–µ—Ç —Ä–µ–±—è—Ç –≤ –º–æ–µ–º –æ–∫—Ä—É–∂–µ–Ω–∏–∏

–≠—Ç–æ –∫–∞–∫–æ–π-—Ç–æ –∫—Ä–∏–º–∏–Ω–∞–ª
–ú–Ω–æ–≥–∏–µ —Å—Ç–æ—è—Ç –≤ –æ—á–µ—Ä–µ–¥–∏ –∫ –ø—Ä–µ–ø–æ–¥–∞–º —Å 8 —É—Ç—Ä–∞ –¥–æ 10 –Ω–æ—á–∏
–ò –µ—â—ë –∏ –∑–∞—á—ë—Ç –Ω–µ —Å—Ç–∞–≤—è—Ç, –∑–∞ –ø—Ä–æ—Å—Ç–æ —Ç–∞–∫ 

–ü—Ä–æ–ø–∞–≥–∞–Ω–¥–µ –ó–û–ñ –Ω–∏–∫–æ–≥–¥–∞ –µ—â–µ –Ω–µ –±—ã–ª–∞ –Ω–∞—Å—Ç–æ–ª—å–∫–æ –ø–∞—Ä–∞–Ω–æ–∏–¥–∞–ª—å–Ω–æ–π";–ù–µ –º—É—Å–æ—Ä
"–•–æ—á—É —Å–∫–∞–∑–∞—Ç—å –±–æ–ª—å—à–æ–µ —Å–ø–∞—Å–∏–±–æ –∫–∞—Ñ–µ–¥—Ä–µ –≤–∑—Ä–æ—Å–ª—ã—Ö –∏–Ω—Ñ–µ–∫—Ü–∏–æ–Ω–Ω—ã—Ö –±–æ–ª–µ–∑–Ω–µ–π! 
–î–æ—Ä–æ–≥–∏–µ –ø—Ä–µ–ø–æ–¥–∞–≤–∞—Ç–µ–ª–∏, –í—ã —Ö–æ—Ä–æ—à–æ –æ–±—É—á–∞–µ—Ç–µ –≤–æ –≤—Ä–µ–º—è –≤—Å–µ–≥–æ —Ü–∏–∫–ª–∞, –æ—Ç–ª–∏—á–Ω—ã–µ –ø—Ä–µ–∑–µ–Ω—Ç–∞—Ü–∏–∏! –≠–∫–∑–∞–º–µ–Ω —Å–¥–∞–≤–∞—Ç—å –æ—á–µ–Ω—å —Å–ø–æ–∫–æ–π–Ω–æ, –∫–æ–º—Ñ–æ—Ä—Ç–Ω–æ, –±—ã—Å—Ç—Ä–æ. –°–ø–∞—Å–∏–±–æ –≤–∞–º –∑–∞ –∑–Ω–∞–Ω–∏—è –∏ —Å–ø—Ä–∞–≤–µ–¥–ª–∏–≤—ã–µ –æ—Ü–µ–Ω–∫–∏! 
Ps. –í–∞–ª–µ–Ω—Ç–∏–Ω–∞ –í–ª–∞–¥–∏–º–∏—Ä–æ–≤–Ω–∞, –æ—Ç–¥–µ–ª—å–Ω–æ–µ –í–∞–º —Å–ø–∞—Å–∏–±–æ –∑–∞ –û–ö–ò, –æ–Ω–∏ –æ—Å–æ–±–µ–Ω–Ω–æ –æ—á–µ–Ω—å —Ö–æ—Ä–æ—à–æ –∑–∞–ø–æ–º–Ω–∏–ª–∏—Å—å! 

–ê–Ω–æ–Ω:)";–ü—Ä–æ–≤–µ—Ä–∏—Ç—å –≤—Ä—É—á–Ω—É—é
"–ó–Ω–∞–µ—Ç–µ –ª–∏ –≤—ã –ª–∏—á–Ω–æ –ª—é–¥–µ–π —Å –∫—Ä–∞—Å–Ω—ã–º –¥–∏–ø–ª–æ–º–æ–º –æ—Ç –ò–ì–ú–£? –ò–ª–∏ —Ç–∞–∫–∏—Ö —É–∂–µ –¥–∞–≤–Ω–æ –Ω–µ—Ç? –ß—Ç–æ —Ç–æ —Å –∫–∞–∂–¥–æ–π —Å–µ—Ç–∫–æ–π –º–æ—Ç–∏–≤–∞—Ü–∏—è –ø–æ–∫–∞–∑–∞—Ç—å —Ä–æ–¥–∏—Ç–µ–ª—è–º –∫—Ä–∞—Å–Ω—ã–π –¥–∏–ø–ª–æ–º —É—Ö–æ–¥–∏—Ç –≤—Å–µ –¥–∞–ª—å—à–µ...
–ê–Ω–æ–Ω–∏–º";–ü—Ä–æ–≤–µ—Ä–∏—Ç—å –≤—Ä—É—á–Ω—É—é
"–ê–Ω–æ–Ω–∏–º–Ω–æ! 

–ó–¥—Ä–∞–≤—Å—Ç–≤—É–π—Ç–µ, –∑–∞–∫–∞–Ω—á–∏–≤–∞—é —à–µ—Å—Ç–æ–π –∫—É—Ä—Å, –∏ –Ω–µ–¥–∞–≤–Ω–æ —É–∑–Ω–∞–ª–∞ —á—Ç–æ –Ω–∞ –≤—Ä—É—á–µ–Ω–∏–∏ –¥–∏–ø–ª–æ–º–æ–≤ –Ω–µ —Ä–∞–∑—Ä–µ—à–∞—Ç –ø—Ä–∏—Å—É—Ç—Å—Ç–≤–æ–≤–∞—Ç—å —Ä–æ–¥–∏—Ç–µ–ª—è–º. –ì–¥–µ –ª–æ–≥–∏–∫–∞? –ö–∞—Ä–∞–Ω—Ç–∏–Ω–∞ –Ω–µ—Ç –¥–∞–≤–Ω–æ, –∫–æ–≤–∏–¥–∞ –Ω–µ—Ç, –≤—Å–µ –∑–∞–ø—Ä–µ—Ç—ã —É–±—Ä–∞–ª–∏, –Ω–æ —É–Ω–∏–≤–µ—Ä—Å–∏—Ç–µ—Ç –≤–≤–æ–¥–∏—Ç –æ–≥—Ä–∞–Ω–∏—á–µ–Ω–∏–µ. –†–æ–¥–∏—Ç–µ–ª–∏ —Å—Ç–æ–ª—å–∫–æ –ª–µ—Ç –∂–¥—É—Ç —ç—Ç–æ–≥–æ –¥–Ω—è, –Ω–µ—É–∂–µ–ª–∏ —Å–ª–æ–∂–Ω–æ –Ω–∞ –æ–¥–∏–Ω —á–∞—Å —Ä–∞–∑—Ä–µ—à–∏—Ç—å –≤—Å–µ–º –ø—Ä–∏—Å—É—Ç—Å—Ç–≤–æ–≤–∞—Ç—å –Ω–∞ –º–µ—Ä–æ–ø—Ä–∏—è—Ç–∏–∏?";–ú—É—Å–æ—Ä
"–ê–Ω–æ–Ω–∏–º–Ω–æ! 

–ó–¥—Ä–∞–≤—Å—Ç–≤—É–π—Ç–µ, –∑–∞–∫–∞–Ω—á–∏–≤–∞—é —à–µ—Å—Ç–æ–π –∫—É—Ä—Å, –∏ –Ω–µ–¥–∞–≤–Ω–æ —É–∑–Ω–∞–ª–∞ —á—Ç–æ –Ω–∞ –≤—Ä—É—á–µ–Ω–∏–∏ –¥–∏–ø–ª–æ–º–æ–≤ –Ω–µ —Ä–∞–∑—Ä–µ—à–∞—Ç –ø—Ä–∏—Å—É—Ç—Å—Ç–≤–æ–≤–∞—Ç—å —Ä–æ–¥–∏—Ç–µ–ª—è–º. –ì–¥–µ –ª–æ–≥–∏–∫–∞? –ö–∞—Ä–∞–Ω—Ç–∏–Ω–∞ –Ω–µ—Ç –¥–∞–≤–Ω–æ, –∫–æ–≤–∏–¥–∞ –Ω–µ—Ç, –≤—Å–µ –∑–∞–ø—Ä–µ—Ç—ã —É–±—Ä–∞–ª–∏, –Ω–æ —É–Ω–∏–≤–µ—Ä—Å–∏—Ç–µ—Ç –≤–≤–æ–¥–∏—Ç –æ–≥—Ä–∞–Ω–∏—á–µ–Ω–∏–µ. –†–æ–¥–∏—Ç–µ–ª–∏ —Å—Ç–æ–ª—å–∫–æ –ª–µ—Ç –∂–¥—É—Ç —ç—Ç–æ–≥–æ –¥–Ω—è, –Ω–µ—É–∂–µ–ª–∏ —Å–ª–æ–∂–Ω–æ –Ω–∞ –æ–¥–∏–Ω —á–∞—Å —Ä–∞–∑—Ä–µ—à–∏—Ç—å –≤—Å–µ–º –ø—Ä–∏—Å—É—Ç—Å—Ç–≤–æ–≤–∞—Ç—å –Ω–∞ –º–µ—Ä–æ–ø—Ä–∏—è—Ç–∏–∏?";–ú—É—Å–æ—Ä
"–ê–Ω–æ–Ω–∏–º–Ω–æ –ø–∂.
–•–æ—Ç–µ–ª –ø–æ–¥–µ–ª–∏—Ç—å—Å—è –æ–ø—ã—Ç–æ–º –¥–ª—è –±—É–¥—É—â–∏—Ö –º–∞–≥–∏—Å—Ç—Ä–∞–Ω—Ç–æ–≤ –ò–ß–ü –ø–æ –ø–æ–≤–æ–¥—É –ë–∞–Ω–∫—Ä–æ—Ç—Å—Ç–≤–∞, –∫–∞–∫ –ø—Ä–µ–¥–º–µ—Ç–∞ –ø–æ –≤—ã–±–æ—Ä—É –∏ –∫–æ–Ω–∫—Ä–µ—Ç–Ω–æ –°—É–≤–æ—Ä–æ–≤–∞ –ï.–î, –∫–æ—Ç–æ—Ä—ã–π –µ–≥–æ –≤–µ–¥–µ—Ç(–Ω–µ –∑–Ω–∞—é, –º–± –æ–Ω –µ—â–µ –≥–¥–µ –µ–≥–æ –≤–µ–¥–µ—Ç). –ù–∞–º –æ—Å–æ–±–æ –æ –Ω–µ–º –Ω–∏–∫—Ç–æ –∏–Ω—Ñ—ã –Ω–µ –¥–∞–ª, —Ç–∞–∫ —á—Ç–æ –ø–æ–ø—Ä–æ–±—É—é –ø–æ–º–æ—á—å –¥—Ä—É–≥–∏–º, –ø–æ—Ç–æ–º—É —á—Ç–æ —ç—Ç–æ –º–æ–∂–µ—Ç –¥–æ—Å—Ç–∞–≤–∏—Ç—å –≤–∞–º –Ω–µ–º–∞–ª–æ –ø—Ä–æ–±–ª–µ–º.

–°—Ä–∞–∑—É —Å–∫–∞–∂—É, —á—Ç–æ, –∫–æ–≥–¥–∞ –≤–∞–º –¥–∞–¥—É—Ç –≤—ã–±–∏—Ä–∞—Ç—å —ç—Ç–∏ –¥–æ–ø.–ø—Ä–µ–¥–º–µ—Ç—ã –Ω–∞ 1 –∫—É—Ä—Å–µ –º–∞–≥–∏, –∫–∞–∫ —É–≤–∏–¥–∏—Ç–µ –±–∞–Ω–∫—Ä–æ—Ç—Å—Ç–≤–æ, –ª—É—á—à–µ 100 —Ä–∞–∑ –≤–æ–æ–±—â–µ –ø–æ–¥—É–º–∞–π—Ç–µ. –ï—Å–ª–∏ –≤—ã —Ç–æ–ª—å–∫–æ –Ω–µ –±–æ–ª—å—à–æ–π –ª—é–±–∏—Ç–µ–ª—å –æ—Å—Ç—Ä—ã—Ö –æ—â—É—â–µ–Ω–∏–π, —Ç–æ –æ–Ω–æ –≤–∞–º, —Å–∫–æ—Ä–µ–µ –≤—Å–µ–≥–æ –Ω–µ –Ω—É–∂–Ω–æ. –≠—Ç–æ—Ç –ø—Ä–µ–¥–º–µ—Ç, –µ—Å–ª–∏ —É–∂ –Ω–∞ —Ç–æ –ø–æ—à–ª–æ, –≤–æ–æ–±—â–µ –∑–∞—Å–ª—É–∂–∏–≤–∞–µ—Ç –æ—Ç–¥–µ–ª—å–Ω–æ–≥–æ –≤—ã–¥–µ–ª–µ–Ω–∏—è, –∫–∞–∫ –æ—Å–Ω–æ–≤–Ω–æ–π, –∞ –Ω–µ ""–ø–æ –≤—ã–±–æ—Ä—É"". –ö—É—Ä—Å, –≤—Ä–æ–¥–µ, –∏ –Ω–µ —Å–∞–º—ã–π –∫–æ—Ä–æ—Ç–∫–∏–π, –Ω–æ –ø—Ä–æ–π—Ç–∏ —É—Å–ø–µ–µ—Ç–µ —Å –≥–æ—Ä–µ–º –ø–æ–ø–æ–ª–∞–º —Ç–æ–ª—å–∫–æ –æ—Å–Ω–æ–≤–Ω—ã–µ –ø—Ä–æ—Ü–µ–¥—É—Ä—ã. –°–∞–º –°—É–≤–æ—Ä–æ–≤ –≤–µ–¥–µ—Ç —Å–ø–µ—Ü–∏—Ñ–∏—á–µ—Å–∫–∏, —Å–∞–º—ã—Ö –±–∞–∑–æ–≤—ã—Ö –≤–µ—â–µ–π –æ—Ç –Ω–µ–≥–æ –≤—ã –Ω–µ —É–∑–Ω–∞–µ—Ç–µ, –æ–Ω —Å—á–∏—Ç–∞–µ—Ç, —á—Ç–æ –º—ã –∏—Ö –¥–æ–ª–∂–Ω—ã —É–∂–µ –∑–Ω–∞—Ç—å. –£–ø–æ—Ä –¥–µ–ª–∞–µ—Ç –Ω–∞ –≤—Å—è–∫—É—é —Å–ø–µ—Ü–∏—Ñ–∏–∫—É –∏ –ø–æ —Ç–µ–º–∞–º –ø—Ä–æ—Ö–æ–¥–∏—Ç—Å—è –æ—á–µ–Ω—å –≤—ã–±–æ—Ä–æ—á–Ω–æ, —Ç–∞–∫ —á—Ç–æ, –ø—Ä–∏—Ö–æ–¥—è –Ω–∞ –ø–∞—Ä—ã –Ω–µ –∂–¥–∏—Ç–µ, —á—Ç–æ –Ω–µ –∑–Ω–∞—è –±–∞–Ω–∫—Ä–æ—Ç—Å—Ç–≤–æ —É–∑–Ω–∞–µ—Ç–µ –µ–≥–æ –∑–¥–µ—Å—å. –ü—Ä–∏ —ç—Ç–æ–º –Ω–∞ –ø–∞—Ä—ã, –±–ª–∏–Ω, —Ö–æ–¥–∏—Ç–µ. –°–µ–π—á–∞—Å —Å–∫–∞–∂—É –ø–æ—á–µ–º—É. –ù–∞–º –æ–Ω —ç—Ç–æ —Å—Ä–∞–∑—É –Ω–µ —Å–∫–∞–∑–∞–ª, –Ω–æ –æ–Ω —Å—Ç–∞–≤–∏—Ç –¥–æ–ø—É—Å–∫–∏ –∫ –∑–∞—á–µ—Ç—É –ø–æ –ø–æ—Å–µ—â–µ–Ω–∏—è–º –∏ –≤—ã–ø–æ–ª–Ω–µ–Ω–Ω—ã–º –î–ó. –ù–∞ –ø–∞—Ä–∞—Ö –æ–Ω –Ω–µ —Å—Ç–∞–≤–∏—Ç –æ—Ü–µ–Ω–∫–∏, —Ö–æ—Ç—å —Ç—ã –∏ –±—É–¥–µ—à—å –ø—ã—Ç–∞—Ç—å—Å—è —á—Ç–æ-—Ç–æ –æ—Ç–≤–µ—á–∞—Ç—å. –ò –Ω–µ –¥–∞–π –±–æ–≥ —É –≤–∞—Å –±—É–¥–µ—Ç –±–æ–ª—å—à–µ –æ–¥–Ω–æ–≥–æ –ø—Ä–æ–ø—É—Å–∫–∞ –∏ –æ–¥–Ω–æ–≥–æ –Ω–µ–æ—Ç–ø—Ä–∞–≤–ª–µ–Ω–Ω–æ–≥–æ –î–ó, –æ–Ω –≤–∞—Å –Ω–µ –¥–æ–ø—É—Å—Ç–∏—Ç. –û—Ç—Ä–∞–±–æ—Ç–∫–∏ —É –Ω–µ–≥–æ 2 —Ä–∞–∑–∞ –≤ –º–µ—Å—è—Ü, –∏ —É–∑–Ω–∞—Ç—å –≤—Å–µ —ç—Ç–∏ –≤–µ—Å–µ–ª—ã–µ —Ñ–∞–∫—Ç—ã –Ω–∞ –ø–æ—Å–ª–µ–¥–Ω–µ–º –∑–∞–Ω—è—Ç–∏–∏ –∑–∞ –Ω–µ–¥–µ–ª—é –¥–æ –∑–∞—á–µ—Ç–∞ –≤–∞–º –≤–æ–æ–±—â–µ –Ω–µ —É–ª—ã–±–∞–µ—Ç—Å—è, –ø–æ–≤–µ—Ä—å—Ç–µ. –•–æ—Ç—è –∏ –¥–æ–ø—É—Å–∫ –æ–Ω –≤–∞–º, –≤ –∏—Ç–æ–≥–µ, —Å–∫–æ—Ä–µ–µ –≤—Å–µ–≥–æ —É–∂ –ø–æ—Å—Ç–∞–≤–∏—Ç, –µ—Å–ª–∏ –≤—ã —Å–æ–≤—Å–µ–º –Ω–µ –∑–∞–≤–∞–ª–∏—Ç–µ—Å—å –Ω–∞ –µ–≥–æ –≤–æ–ø—Ä–æ—Å–∞—Ö.

–°–∞–º –∑–∞—á–µ—Ç, –¥–∞–≤–∞–π—Ç–µ —á–µ—Å—Ç–Ω–æ, —É –≤–∞—Å —Å–¥–∞—Ç—å —à–∞–Ω—Å–æ–≤ –Ω–µ –º–Ω–æ–≥–æ. –°–∫–æ—Ä–µ–µ –≤—Å–µ–≥–æ, —É –≤–∞—Å –±—É–¥–µ—Ç –Ω–µ —Ç–∞–∫ –º–Ω–æ–≥–æ –≤—Ä–µ–º–µ–Ω–∏, –∏ –µ—Å–ª–∏ –≤—ã –Ω–µ —Å–µ—á–µ—Ç–µ –≤ –ø—Ä–µ–¥–º–µ—Ç–µ –∑–∞—Ä–∞–Ω–µ–µ –∏–ª–∏ –Ω–µ —á–∏—Ç–∞–ª–∏ –∑–∞–±–ª–∞–≥–æ–≤—Ä–µ–º–µ–Ω–Ω–æ, –ø—Ä–æ—Å—Ç–æ —Å–º–∏—Ä–∏—Ç–µ—Å—å —Å —Ñ–∞–∫—Ç–æ–º, —á—Ç–æ –æ–Ω –æ—Ç–ø—Ä–∞–≤–∏—Ç –≤–∞—Å –∏ –±–æ–ª—å—à—É—é —á–∞—Å—Ç—å –≤–∞—à–µ–π –≥—Ä—É–ø–ø—ã –Ω–∞ –ø–µ—Ä–µ—Å–¥–∞—á—É. –ë–æ–ª–µ–µ —Ç–æ–≥–æ, –æ–Ω —Å–∞–º —á—É—Ç—å –ª–∏ –Ω–µ –Ω–∞ –ø–µ—Ä–≤–æ–º –∑–∞–Ω—è—Ç–∏–∏ –≥–æ–≤–æ—Ä–∏—Ç, —á—Ç–æ –ø–µ—Ä–µ—Å–¥–∞—á–∞ —Ç—É—Ç - —ç—Ç–æ –Ω–æ—Ä–º–∞, —ç—Ç–æ –∂–µ –æ–Ω –ø–æ–≤—Ç–æ—Ä–∏—Ç –Ω–∞ —Å–∞–º–æ–º –∑–∞—á–µ—Ç–µ. –¢–∞–∫ —á—Ç–æ, –≤ —Ç–µ–æ—Ä–∏–∏ –≤–æ—Ç –≤–∞–º –ª–∞–π—Ñ—Ö–∞–∫, —Ç–æ–ª—å–∫–æ –Ω–µ —é–∑–∞–π—Ç–µ –µ–≥–æ —Å–ª–∏—à–∫–æ–º –ø–∞–ª–µ–≤–Ω–æ, —á—Ç–æ–±—ã –æ–Ω –µ–≥–æ –Ω–µ –∑–∞–ø–∞–ª–∏–ª. –ù–µ –¥–µ–ª–∞–π—Ç–µ –æ—Å–æ–±—ã—Ö —Å—Ç–∞–≤–æ–∫ –Ω–∞ —Å–∞–º –∑–∞—á–µ—Ç, –≥–æ—Ç–æ–≤—å—Ç–µ—Å—å —Å—Ä–∞–∑—É –∫ –ø–µ—Ä–µ—Å–¥–∞—á–µ. –ù–∞ –ø–µ—Ä–µ—Å–¥–∞—á–µ –æ–Ω –ø—Ä–∏–Ω–∏–º–∞–µ—Ç –ª–∞–π—Ç–æ–≤–µ–µ –∏ –æ—Ö–æ—Ç–Ω–µ–µ —Å–¥–∞–≤–∏—Ç –∑–∞—á–µ—Ç—ã. –°–æ–æ—Ç–≤–µ—Ç—Å—Ç–≤–µ–Ω–Ω–æ, –Ω–µ –ø–µ—Ä–µ–∂–∏–≤–∞–π—Ç–µ –∑–∞ –ø–µ—Ä–µ—Å–¥–∞—á—É. –ï—Å–ª–∏ –≤–∞–º –ø–æ–∫–∞–∂–µ—Ç—Å—è, —á—Ç–æ –æ–Ω –º–æ—â–Ω–æ –¥—Ä—é—á–∏—Ç –≤–∞—Å –Ω–∞ –∑–∞—á–µ—Ç–µ, –ø–æ—Ç–æ–º —Ä–µ–∞–ª—å–Ω–æ –±—É–¥–µ—Ç –ø—Ä–æ—â–µ. –ù–µ –±—É–¥—É –≤–¥–∞–≤–∞—Ç—å—Å—è –≤ —Ä–∏—Ç–æ—Ä–∏–∫—É –ø—Ä–æ –ø–æ–ª—å–∑—É –æ—Ç –±–æ–ª—å—à–µ–≥–æ –≤—Ä–µ–º–µ–Ω–∏ –Ω–∞ –ø–æ–¥–≥–æ—Ç–æ–≤–∫—É, –ø–æ–ª—å–∑—É –æ—Ç —É—á–µ–±—ã –∏ —Ç–æ–≥–æ, —á—Ç–æ –≤—Å–µ –º—ã —Ç—É—Ç —Ä–∞–¥–∏ —Å–µ–±—è. –î–∞–≤–∞–π—Ç–µ –±—É–¥–µ–º —á–µ—Å—Ç–Ω—ã–º–∏.

–í –æ–±—â–µ–º —Å–∏—Ç—É–∞—Ü–∏—è —Ç–∞–∫–∞—è, –µ—Å–ª–∏ —Å–º–æ–≥—É –ø–æ–º–æ—á—å –±—É–¥—É—â–∏–º –º–∞–≥–∏—Å—Ç—Ä–∞–Ω—Ç–∞–º, –±—É–¥—É —Ä–∞–¥, —á—Ç–æ —Ö–æ—Ç—å –∫–æ–º—É-—Ç–æ –Ω–µ –ø—Ä–∏–¥–µ—Ç—Å—è –ø—Ä–æ—Ö–æ–¥–∏—Ç—å —á–µ—Ä–µ–∑ —ç—Ç–æ—Ç –∫–æ—à–º–∞—Ä —Ä–∞–¥–∏ —Å–æ–º–Ω–∏—Ç–µ–ª—å–Ω—ã—Ö —Ü–µ–ª–µ–π.";–ü—Ä–æ–≤–µ—Ä–∏—Ç—å –≤—Ä—É—á–Ω—É—é
–ï—Å—Ç—å –æ–¥–Ω–æ–≥—Ä—É–ø–ø–Ω–∏—Ü–∞, –∫–æ—Ç–æ—Ä–∞—è –≤–µ—á–Ω–æ —Ä–∞—Å—Ç–∞–ª–∫–∏–≤–∞–µ—Ç –≤—Å–µ—Ö –Ω–∞ —ç–∫–∑–∞–º–µ–Ω–µ —á—Ç–æ–±—ã –ø–æ–π—Ç–∏ —Ç–æ –ø–µ—Ä–≤–æ–π, —Ç–æ –ø–æ—Å–ª–µ–¥–Ω–µ–π, –≤—ã—Ä—ã–≤–∞–µ—Ç —á—É–∂–∏–µ –±–∏–ª–µ—Ç—ã —è–∫–æ–±—ã –µ–π –ø—Ä–æ—Å—Ç–æ–π –±–∏–ª–µ—Ç –Ω—É–∂–Ω–µ–µ, –Ω–∏–∫–æ–º—É –Ω–µ –¥–∞–µ—Ç —Å–æ—Å—Ä–µ–¥–æ—Ç–æ—á–∏—Ç—å—Å—è –≤–µ—á–Ω—ã–º–∏ —Ç—Ä–µ–±–æ–≤–∞–Ω–∏—è–º–∏ –ø–æ–º–æ—á—å –µ–π, —Å–∞–º–∞ –Ω–æ–µ—Ç –∏–∑-–∑–∞ —Ç—Ä–æ–µ–∫ —Ç –∫ —É –Ω–µ–µ –¥–æ–ª–∂–µ–Ω –±—ã—Ç—å —Ö–æ—Ä–æ—à–∏–π –¥–∏–ø–ª–æ–º –∏ —Ä—É–≥–∞–µ—Ç—Å—è —Å –ø—Ä–µ–ø–æ–¥–∞–º–∏ —á—Ç–æ–±—ã –Ω–µ —Å—Ç–∞–≤–∏–ª–∏ –ø–ª–æ—Ö–∏–µ –æ—Ü–µ–Ω–∫–∏. –ï—Å–ª–∏ –µ–π –Ω–µ –ø–æ–º–æ—á—å, –æ–±–∏–∂–∞–µ—Ç—Å—è –∏ –ø–∞–∫–æ—Å—Ç–∏—Ç –Ω–∞–ø—Ä—è–º—É—é, —Ä–∞—Å–ø—É—Å–∫–∞–µ—Ç –≥—Ä—è–∑–Ω—ã–µ —Å–ø–ª–µ—Ç–Ω–∏, —Ñ–ª–∏—Ä—Ç—É–µ—Ç —Å —á—É–∂–∏–º–∏ –ø–∞—Ä–Ω—è–º–∏ (–Ω–µ—Ç, –æ–Ω–∞ –Ω–µ –∫–æ—Ä–æ–ª–µ–≤–∞ –∫—Ä–∞—Å–æ—Ç—ã), —á—Ç–æ –Ω–∞–º —Å –Ω–µ–π –¥–µ–ª–∞—Ç—å?;–ü—Ä–æ–≤–µ—Ä–∏—Ç—å –≤—Ä—É—á–Ω—É—é
"–í–∞—Å–∏–ª–∏–π –ú–∏—Ö–∞–π–ª–æ–≤–∏—á –ü., –æ—á–µ–Ω—å –ª–µ–≥–∫–æ –∑–∞–≤–æ–µ–≤–∞—Ç—å –ª—é–±–æ–≤—å –¥–≤–æ–µ—á–Ω–∏–∫–æ–≤ –∏ –∞–∫—Ç–∏–≤–∏—Å—Ç–æ–≤ (–ø—Å–µ–≤–¥–æ—Ç–ª–∏—á–Ω–∏–∫–æ–≤) –≤—ã–¥–∞–≤–∞–π —Ö–≤–æ—Å—Ç–æ–≤–∫–∏ (—Ç–µ–º, –∫–æ–≥–æ —Ö–æ—Ä–æ—à–æ –±—ã –æ—Ç—á–∏—Å–ª–∏—Ç—å), –∑–≤–æ–Ω—è –Ω–∞ –∫–∞—Ñ–µ–¥—Ä—ã –∏ —É–≥–æ–≤–∞—Ä–∏–≤–∞—è –∞—Ç—Ç–µ—Å—Ç–æ–≤–∞—Ç—å —Å—Ç—É–¥–µ–Ω—Ç–∞ –∏ —Ç.–¥. –ù—É, –∞ —Ç–æ, —á—Ç–æ –≤—ã –≤—ã–ø—Ä–∞—à–∏–≤–∞–µ—Ç–µ –ª–∞–π–∫–∏ –ø–æ–¥ –ø–æ—Å—Ç–∞–º–∏ –≤ –≤–∞—à—É —á–µ—Å—Ç—å, —Ç–∞–∫ —ç—Ç–æ –≤–æ–æ–±—â–µ. –≠—Ç–æ –¥–µ—à–µ–≤—ã–π –ø–æ–ø—É–ª–∏–∑–º. –ü—Ä–∏ —ç—Ç–æ–º –Ω–∞ –≤–∞—à–∏—Ö –∑–∞–Ω—è—Ç–∏—è—Ö –Ω–æ–≤–æ–π –∏–Ω—Ñ–æ—Ä–º–∞—Ü–∏–∏ –≤–æ–æ–±—â–µ –Ω–µ –ø–æ–ª—É—á–∞–ª–∞, –º–Ω–æ–≥–æ –æ—à–∏–±–æ–∫ –∏ –Ω–µ—Ç–æ—á–Ω–æ—Å—Ç–µ–π. –ö —Å–æ–∂–∞–ª–µ–Ω–∏—é, —Ç–µ–∫—É—â–∞—è —Å–∏—Å—Ç–µ–º–∞ –æ–±—Ä–∞–∑–æ–≤–∞–Ω–∏—è –æ—á–µ–Ω—å –¥–∞–∂–µ –ª—é–±–∏—Ç —Ç–∞–∫–∏—Ö —Ñ—É–Ω–∫—Ü–∏–æ–Ω–µ—Ä–æ–≤ –∫–∞–∫ –≤—ã, –∫–æ–≥–¥–∞ –í–£–ó –∏ —Å—Ç—Ä–∞–Ω–∞ –∑
_____________________________
–¥–∞–ª–µ–µ –ø–æ—Å—Ç –æ–±—Ä—ã–≤–∞–µ—Ç—Å—è...ü§î";–ù–µ –º—É—Å–æ—Ä
"–ö–∞–∫ –ø–æ–¥–≥–æ—Ç–æ–≤–∏—Ç—å—Å—è –∫ –ø—Ä–æ–ø–µ–¥—É –∏ —Ö–∏—Ä—É—Ä–≥–∏–∏ —ç–∫–∑–∞–º–µ–Ω—ã? –¢–∞–∫–æ–π –º–∞–ª–µ–Ω—å–∫–∏–π –ø–µ—Ä–µ—Ä—ã–≤ –º–µ–∂–¥—É —ç–∫–∑–∞–º–µ–Ω–∞–º–∏, –∞ —Å–µ–π—á–∞—Å –≥–æ—Ç–æ–≤–∏—Ç—å –Ω–µ—Å–∫–æ–ª—å–∫–æ —ç–∫–∑–∞–º–µ–Ω–æ–≤ –Ω–µ –º–æ–≥—É, —Ç—è–∂–µ–ª–æ. –ö–∞–∫ –≤–æ–æ–±—â–µ –ø–æ—Ö–æ–¥—è—Ç —Ö–∏—Ä—É—Ä–≥–∏—è –∏ –ø—Ä–æ–ø–µ–¥ ?
–í—Å–µ–º –ª—é–±–≤–∏ 
–ê–Ω–æ–Ω–∏–º–Ω–æ";–ü—Ä–æ–≤–µ—Ä–∏—Ç—å –≤—Ä—É—á–Ω—É—é
–û–±—ä—è—Å–Ω–∏—Ç–µ –º–Ω–µ, –ø–æ–∂–∞–ª—É–π—Å—Ç–∞. –Ø –Ω–µ –ø–æ–Ω–∏–º–∞—é, —á–µ–º —Ä—É–∫–æ–≤–æ–¥—Å—Ç–≤—É—é—Ç—Å—è –ø—Ä–µ–ø–æ–¥–∞–≤–∞—Ç–µ–ª–∏, –∫–æ—Ç–æ—Ä—ã–µ –∑–∞ –ø—Ä–∞–∫—Ç–∏—á–µ—Å–∫—É—é —Ä–∞–±–æ—Ç—É —Å—Ç–∞–≤—è—Ç –ù–ï–≤—ã–ø–æ–ª–Ω–µ–Ω–æ, –∏ –Ω–µ –≤–æ–∑–≤—Ä–∞—â–∞—é—Ç —Ä–∞–±–æ—Ç—É –≤ —á–µ—Ä–Ω–æ–≤–∏–∫–∏??? –û–Ω–∏ –¥—É–º–∞—é, —á—Ç–æ —Å—Ç—É–¥–µ–Ω—Ç–∞ —É—Å—Ç—Ä–æ–∏—Ç 2 –∑–∞ –ø—Ä–µ–¥–º–µ—Ç??? –ì–¥–µ –ª–æ–≥–∏–∫–∞?! –ù—É –µ—Å–ª–∏ –µ—Å—Ç—å –æ—à–∏–±–∫–∏ –≤ —Ä–∞–±–æ—Ç–µ –∏ –Ω–µ –≥–æ—Ç–æ–≤—ã –µ–µ –ø—Ä–∏–Ω—è—Ç—å, —Ç–∞–∫ –≤–µ—Ä–Ω–∏—Ç–µ –Ω–∞ –∏—Å–ø—Ä–∞–≤–ª–µ–Ω–∏–µ. –ó–∞—á–µ–º —Å—Ç–∞–≤–∏—Ç—å –ù–µ –≤—ã–ø–æ–ª–Ω–µ–Ω–æ –∏ –Ω–µ –¥–∞–≤–∞—Ç—å –≤–æ–∑–º–æ–∂–Ω–æ—Å—Ç–∏ –∑–∞–≥—Ä—É–∑–∏—Ç—å –Ω–æ–≤—ã–π –≤–∞—Ä–∏–∞–Ω—Ç?! –ù–∞–∫–∏–ø–µ–ª–æ. –ê–Ω–æ–Ω–∏–º–Ω–æ.;–ü—Ä–æ–≤–µ—Ä–∏—Ç—å –≤—Ä—É—á–Ω—É—é
–û–±—ä—è—Å–Ω–∏—Ç–µ –º–Ω–µ, –ø–æ–∂–∞–ª—É–π—Å—Ç–∞. –Ø –Ω–µ –ø–æ–Ω–∏–º–∞—é, —á–µ–º —Ä—É–∫–æ–≤–æ–¥—Å—Ç–≤—É—é—Ç—Å—è –ø—Ä–µ–ø–æ–¥–∞–≤–∞—Ç–µ–ª–∏, –∫–æ—Ç–æ—Ä—ã–µ –∑–∞ –ø—Ä–∞–∫—Ç–∏—á–µ—Å–∫—É—é —Ä–∞–±–æ—Ç—É —Å—Ç–∞–≤—è—Ç –ù–ï–≤—ã–ø–æ–ª–Ω–µ–Ω–æ, –∏ –Ω–µ –≤–æ–∑–≤—Ä–∞—â–∞—é—Ç —Ä–∞–±–æ—Ç—É –≤ —á–µ—Ä–Ω–æ–≤–∏–∫–∏??? –û–Ω–∏ –¥—É–º–∞—é, —á—Ç–æ —Å—Ç—É–¥–µ–Ω—Ç–∞ —É—Å—Ç—Ä–æ–∏—Ç 2 –∑–∞ –ø—Ä–µ–¥–º–µ—Ç??? –ì–¥–µ –ª–æ–≥–∏–∫–∞?! –ù—É –µ—Å–ª–∏ –µ—Å—Ç—å –æ—à–∏–±–∫–∏ –≤ —Ä–∞–±–æ—Ç–µ –∏ –Ω–µ –≥–æ—Ç–æ–≤—ã –µ–µ –ø—Ä–∏–Ω—è—Ç—å, —Ç–∞–∫ –≤–µ—Ä–Ω–∏—Ç–µ –Ω–∞ –∏—Å–ø—Ä–∞–≤–ª–µ–Ω–∏–µ. –ó–∞—á–µ–º —Å—Ç–∞–≤–∏—Ç—å –ù–µ –≤—ã–ø–æ–ª–Ω–µ–Ω–æ –∏ –Ω–µ –¥–∞–≤–∞—Ç—å –≤–æ–∑–º–æ–∂–Ω–æ—Å—Ç–∏ –∑–∞–≥—Ä—É–∑–∏—Ç—å –Ω–æ–≤—ã–π –≤–∞—Ä–∏–∞–Ω—Ç?! –ù–∞–∫–∏–ø–µ–ª–æ. –ê–Ω–æ–Ω–∏–º–Ω–æ.;–ü—Ä–æ–≤–µ—Ä–∏—Ç—å –≤—Ä—É—á–Ω—É—é
"–•–æ—Ç–∏–º –ø—Ä–µ–¥—É–ø—Ä–µ–¥–∏—Ç—å, —á—Ç–æ –≤ –≤—É–∑–µ –µ—Å—Ç—å –∫–æ–º–µ–Ω–¥–∞–Ω—Ç –∫–æ—Ç–æ—Ä—ã–π —Ö–æ–¥–∏—Ç –∏ —Å–ª—É—à–∞–µ—Ç –≤–∞—à–∏ —Ä–∞–∑–≥–æ–≤–æ—Ä—ã –∏ —É—Å—Ç—Ä–∞–∏–≤–∞–µ—Ç —Å–∫–∞–Ω–¥–∞–ª –∏ –¥–æ–∫–ª–∞–¥–Ω—É—é –∑–∞ –º–∞—Ç. –¢–∞–∫ —á—Ç–æ –Ω–µ –º–∞—Ç–µ—Ä–∏—Ç–µ—Å—å —Ä–µ–±—è—Ç–∞
–ê–Ω–æ–Ω";–ü—Ä–æ–≤–µ—Ä–∏—Ç—å –≤—Ä—É—á–Ω—É—é
–û—á–µ–Ω—å —Ö–æ—á–µ—Ç—Å—è –ø–æ–±–ª–∞–≥–æ–¥–∞—Ä–∏—Ç—å –∫–∞—Ñ–µ–¥—Ä—É –ø—Ä–æ–ø–µ–¥–µ–≤—Ç–∏–∫–∏ –≤–Ω—É—Ç—Ä–µ–Ω–Ω–∏—Ö –±–æ–ª–µ–∑–Ω–µ–π, –ø–æ—Ç–æ–º—É —á—Ç–æ —ç—Ç–æ —á—É—Ç—å –ª–∏ –Ω–µ –µ–¥–∏–Ω—Å—Ç–≤–µ–Ω–Ω—ã–π –ø—Ä–µ–¥–º–µ—Ç, –∫–æ—Ç–æ—Ä—ã–π –≤ —Ç–µ—á–µ–Ω–∏–µ –Ω–µ—Å–∫–æ–ª—å–∫–∏—Ö —Å–µ–º–µ—Å—Ç—Ä–æ–≤ —á–µ–º—É-—Ç–æ —É—á–∏–ª. –ù–∞–≤–µ—Ä–Ω–æ–µ, —Ç–æ–ª—å–∫–æ —Å–∞–º—ã–π –ª–µ–Ω–∏–≤—ã–π —Å—Ç—É–¥–µ–Ω—Ç –Ω–∏—á–µ–≥–æ –Ω–µ —Å–º–æ–≥ —Å–∫–∞–∑–∞—Ç—å –ø–æ –±–∏–ª–µ—Ç—É –∏ –ø–æ–ª—É—á–∏—Ç—å –Ω–µ—É–¥–æ–≤–ª–µ—Ç–≤–æ—Ä–∏—Ç–µ–ª—å–Ω—É—é –æ—Ü–µ–Ω–∫—É, –ø–æ—Ç–æ–º—É —á—Ç–æ –ø–æ–≤—Ç–æ—Ä–µ–Ω–∏–π –±—ã–ª–æ –æ–≥—Ä–æ–º–Ω–æ–µ –∫–æ–ª–∏—á–µ—Å—Ç–≤–æ (—Ç–æ–π –∂–µ –ø—Ä–∞–∫—Ç–∏—á–µ—Å–∫–æ–π —á–∞—Å—Ç–∏) –∏ –≤—Å–µ –¥–æ—Å—Ç—É–ø–Ω–æ –æ–±—ä—è—Å–Ω—è–ª–æ—Å—å. –ù–µ –±—ã–ª–æ —Ç–∞–∫–æ–≥–æ, —á—Ç–æ –∑–∞ –º–µ—Å—è—Ü –¥–æ —Å–µ—Å—Å–∏–∏ –∏–∑—É—á–∞–µ—à—å —Å 0 –≤–µ—Å—å –º–∞—Ç–µ—Ä–∏–∞–ª –∑–∞ –ø–æ–ª–≥–æ–¥–∞, –Ω–µ –±—ã–ª–æ –∏–∑–ª–∏—à–Ω–∏—Ö –ø—Ä–∏–¥–∏—Ä–æ–∫ —Å–æ —Å—Ç–æ—Ä–æ–Ω—ã —ç–∫–∑–∞–º–µ–Ω–∞—Ç–æ—Ä–æ–≤, –∫–∞–∫ –∏ –Ω–µ –±—ã–ª–æ –ø–æ–ø—ã—Ç–æ–∫ –ø—Ä–µ–ø–æ–¥–∞–≤–∞—Ç–µ–ª–µ–π –∑–∞–≤–∞–ª–∏—Ç—å –æ–≥—Ä–æ–º–Ω—ã–º –∫–æ–ª–∏—Å—Ç–≤–æ–º —É–∑–∫–∏—Ö –≤–æ–ø—Ä–æ—Å–æ–≤. –ù–∞–≤–µ—Ä–Ω–æ–µ, –±–æ–ª—å—à–∏–Ω—Å—Ç–≤–æ —Å—Ç—É–¥–µ–Ω—Ç–æ–≤ –ø–æ—Å–ª–µ –∫–∞—Ñ–µ–¥—Ä—ã —É—à–ª–æ —Å–æ –∑–Ω–∞–Ω–∏—è–º–∏ –∏ —Ö–æ—Ä–æ—à–∏–º–∏ –æ—Ü–µ–Ω–∫–∞–º–∏, –≤—Å–µ–≥–¥–∞ –±—ã —Ç–∞–∫...;–ü—Ä–æ–≤–µ—Ä–∏—Ç—å –≤—Ä—É—á–Ω—É—é
"–ê–Ω–æ–Ω–∏–º–Ω–æ.
–î–æ–±—Ä–æ–≥–æ –¥–Ω—è, —Å–∏—Ç—É–∞—Ü–∏—è —Ç–∞–∫–∞—è : –∑–∞–∫–∞–Ω—á–∏–≤–∞—é 2 –∫—É—Ä—Å, –ø–æ –º–∞—Ç–µ–º–∞—Ç–∏–∫–µ –æ–¥–Ω–∏ —Ç—Ä–æ–π–∫–∏, –ø–æ –æ—Å—Ç–∞–ª—å–Ω—ã–º –ø—Ä–µ–¥–º–µ—Ç–∞–º 4-5, –≤ —ç—Ç–æ–º —Å–µ–º–µ—Å—Ç—Ä–µ —Ö–æ—Ç–µ–ª –∏–∑–º–µ–Ω–∏—Ç—å —Å–∏—Ç—É–∞—Ü–∏—é, —Ä–∞–±–æ—Ç–∞–ª –≤–µ—Å—å —Å–µ–º–µ—Å—Ç—Ä , —Ä–µ—à–∞–ª –≤—Å√´ –¥–∑ –ø–æ –¥–∏—Ñ—Ñ—É—Ä–∞–º –∏ –∏–Ω—Ç—É—Ä–∞–º , —á–µ—Å—Ç–Ω–æ –ø–æ–ª—É—á–∏–ª –∑–∞—á–µ—Ç. –ù–∞ –ø–æ—Å–ª–µ–¥–Ω–µ–º —ç–∫–∑–∞–º–µ–Ω–µ –ø–æ –¥–∏—Ñ—Ñ—É—Ä–∞–º –∏–∑-–∑–∞ –æ–¥–Ω–æ–π –æ—à–∏–±–∫–∏ –≤ —Ç–µ–æ—Ä–º–∏–Ω–µ –ø—Ä–∏–Ω–∏–º–∞—é—â–∏–π —ç–∫–∑–∞–º–µ–Ω –∞—Å–ø–µ—Ä –Ω–µ –¥–æ–ø—É—Å—Ç–∏–ª –¥–æ —Å–¥–∞—á–∏ 2 —á–∞—Å—Ç–∏ —ç–∫–∑–∞–º–µ–Ω–∞, –ø—Ä–µ–¥–ª–æ–∂–∏–ª —Ç—Ä–æ–π–∫—É. –Ø –±—ã–ª –Ω–µ —Å–æ–≥–ª–∞—Å–µ–Ω. –ö–∞–∫ —Ç–æ–ª—å–∫–æ —è –∑–∞–≥–æ–≤–æ—Ä–∏–ª –æ –ø–µ—Ä–µ—Å–¥–∞—á–µ, –∞—Å–ø–µ—Ä —Å—Ä–∞–∑—É –∂–µ –æ–±—Ä–∞—Ç–∏–ª—Å—è –∫ –ª–µ–∫—Ç–æ—Ä—É, –∫–æ—Ç–æ—Ä—ã–π —Å–∏–¥–µ–ª –≤ –º–æ–µ–π –∞—É–¥–∏—Ç–æ—Ä–∏–∏, –ø–æ–∫–∞–∑–∞–ª –µ–º—É –º–æ—é —Ä–∞–±–æ—Ç—É, –ª–µ–∫—Ç–æ—Ä –µ√´ –ø—Ä–æ—Å–º–æ—Ç—Ä–µ–ª, –ø—Ä–æ—á–∏—Ç–∞–ª –º–Ω–µ 10-—Ç–∏ –º–∏–Ω—É—Ç–Ω—É—é –ª–µ–∫—Ü–∏—é –æ —Ç–æ–º, —á—Ç–æ —è —Å–æ–≤–µ—Ä—à–∏–ª —ç–ª–µ–º–µ–Ω—Ç–∞—Ä–Ω—É—é –æ—à–∏–±–∫—É –∏ —Å–∫–∞–∑–∞–ª , —á—Ç–æ –º–æ—è –∏—Ç–æ–≥–æ–≤–∞—è –æ—Ü–µ–Ω–∫–∞ - —É–¥–æ—Å, –∞ –Ω–∞ –ø–µ—Ä–µ—Å–¥–∞—á—É –≤ –º–æ√´–º —Å–ª—É—á–∞–µ –º–µ–Ω—è –æ—Ç–ø—Ä–∞–≤–∏—Ç—å –Ω–µ —Ä–∞–∑—Ä–µ—à–∞–µ—Ç—Å—è —Å–æ–≥–ª–∞—Å–Ω–æ –∏–Ω—Å—Ç—Ä—É–∫—Ü–∏—è–º –ø–æ –ø—Ä–æ–≤–µ–¥–µ–Ω–∏—é —ç–∫–∑–∞–º–µ–Ω–∞.
–í —Å–≤—è–∑–∏ —Å —ç—Ç–∏–º —É –º–µ–Ω—è –æ–±—Ä–∞–∑–æ–≤–∞–ª–æ—Å—å –Ω–µ—Å–∫–æ–ª—å–∫–æ –≤–æ–ø—Ä–æ—Å–æ–≤ –∫ –≤—ã–ø—É—Å–∫–Ω–∏–∫–∞–º, –∞–¥–º–∏–Ω–∞–º –≥—Ä—É–ø–ø—ã, –∏ –≤—Å–µ–º —Ç–µ–º, —É –∫–æ–≥–æ –±—ã–ª–∞ –ø–æ—Ö–æ–∂–∞—è —Å–∏—Ç—É–∞—Ü–∏—è.
1). –ü—Ä–∞–≤–¥–∞ –ª–∏, —á—Ç–æ –Ω–∞ –ø–µ—Ä–µ—Å–¥–∞—á–∞—Ö –ø–æ –º–∞—Ç–µ–º–∞—Ç–∏–∫–µ –æ—Ü–µ–Ω–∫—É –≤—ã—à–µ —Ç—Ä–æ–π–∫–∏ —Å—Ç–∞–≤—è—Ç –æ—á–µ–Ω—å —Ä–µ–¥–∫–æ? –¢.–µ. –±—É–∫–≤–∞–ª—å–Ω–æ –Ω–∞–¥–æ –∑–Ω–∞—Ç—å –≤–µ—Å—å –∫—É—Ä—Å –¥–ª—è —Ö–æ—Ä–∞ –∏–ª–∏ –æ—Ç–ª–∞. 
–†–∞–Ω—å—à–µ –Ω–∞ –ø–µ—Ä–µ—Å–¥–∞—á–∏ –ø–æ –º–∞—Ç–µ–º–∞—Ç–∏–∫–µ –Ω–µ —Ö–æ–¥–∏–ª.
2). –í–æ–∑–º–æ–∂–Ω–æ –ª–∏ –Ω–∞ –ø–æ—Å–ª–µ–¥–Ω–µ–º –∫—É—Ä—Å–µ –æ–±—É—á–µ–Ω–∏—è –ø–µ—Ä–µ—Å–¥–∞—Ç—å —Å –ø–æ–ª–æ–∂–∏—Ç–µ–ª—å–Ω–æ–π –æ—Ü–µ–Ω–∫–∏ –±–æ–ª—å—à–µ 3 –ø—Ä–µ–¥–º–µ—Ç–æ–≤ (–ø–æ –º–∞—Ç–µ–º–∞—Ç–∏–∫–µ –∏ –Ω–µ —Ç–æ–ª—å–∫–æ)? –†–µ–∞–ª—å–Ω–æ –ª–∏ —ç—Ç–æ —Å–¥–µ–ª–∞—Ç—å (–ø–æ —Å—Ä–æ–∫–∞–º –º–µ–∂–¥—É –ø–µ—Ä–µ—Å–¥–∞—á–∞–º–∏) –∏ —Å—Ç–æ–∏—Ç –ª–∏ —ç—Ç–æ –≤–æ–æ–±—â–µ –¥–µ–ª–∞—Ç—å –≤ –º–æ–µ–π —Å–∏—Ç—É–∞—Ü–∏–∏?
3). –í–æ–∑–º–æ–∂–Ω–æ –ª–∏ –∑–∞ –æ—Å—Ç–∞–≤—à–µ–µ—Å—è –≤—Ä–µ–º—è –ø–æ–¥–Ω—è—Ç—å —Å—Ä–µ–¥–Ω–∏–π –±–∞–ª–ª –≤ –¥–∏–ø–ª–æ–º–µ –≤—ã—à–µ 4 - 4.2? –í–ª–∏—è–µ—Ç –ª–∏ —Å—Ä–µ–¥–Ω–∏–π –±–∞–ª–ª –Ω–∞ –ø–æ—Å—Ç—É–ø–ª–µ–Ω–∏–µ –≤ –∑–∞–≥—Ä–∞–Ω–∏—á–Ω—É—é –∞—Å–ø–∏—Ä–∞–Ω—Ç—É—Ä—É? –ù–∞ —Ä–∞–±–æ—Ç—É –Ω–µ –ø–æ —Å–ø–µ—Ü–∏–∞–ª—å–Ω–æ—Å—Ç–∏?
4). –ü—Ä–∞–≤–∏–ª—å–Ω–æ –ª–∏ —è –ø–æ—Å—Ç—É–ø–∏–ª, —á—Ç–æ —Å–æ–≥–ª–∞—Å–∏–ª—Å—è —Å –ª–µ–∫—Ç–æ—Ä–æ–º? –ú–æ–∂–µ—Ç –±—ã—Ç—å, –Ω–∞–¥–æ –±—ã–ª–æ –Ω–∞—Å—Ç–æ—è—Ç—å –Ω–∞ —Å–≤–æ√´–º?
–û–¥–Ω–æ –¥–µ–ª–æ —Ä–∞–±–æ—Ç–∞—Ç—å –≤–µ—Å—å —Å–µ–º–µ—Å—Ç—Ä, —Ä–µ—à–∞—Ç—å –≤—Å√´ –¥–∑, —Ä–∞–±–æ—Ç–∞—Ç—å –Ω–∞ —Å–µ–º–∏–Ω–∞—Ä–∞—Ö, —á–µ—Å—Ç–Ω–æ –ø–æ–ª—É—á–∏—Ç—å –∑–∞—á–µ—Ç, –¥—Ä—É–≥–æ–µ –¥–µ–ª–æ - –ø–æ –º–∏–Ω–∏–º—É–º—É —É—Å–∏–ª–∏–π –≤ —Å–µ–º–µ—Å—Ç—Ä–µ —Å–ø–∏—Å–∞—Ç—å –≤—Å–µ –∑–∞—á–µ—Ç–Ω—ã–µ –∫—Ä, –≤—ã—É—á–∏—Ç—å —Ç–µ–æ—Ä–º–∏–Ω –∑–∞ 2 –¥–Ω—è –∏ –ø–æ–ª—É—á–∏—Ç—å —Ç–æ—Ç –∂–µ —É–¥–æ—Å –Ω–∞ —ç–∫–∑–∞–º–µ–Ω–µ, –Ω–µ –∑–∞–±–æ—Ç—è—Å—å –æ —Ç–æ–º, –æ—Å—Ç–∞–ª–∏—Å—å –ª–∏ –∫–∞–∫–∏–µ-–ª–∏–±–æ –≤–æ–æ–±—â–µ –∑–Ω–∞–Ω–∏—è.
–Ø –Ω–µ –º–æ–≥—É –ø–∏—Å–∞—Ç—å –∑–∞ –æ–±—â–µ–µ –ø–æ–ª–æ–∂–µ–Ω–∏–µ –¥–µ–ª, –Ω–æ —Ç–∞–∫–æ–µ –æ—â—É—â–µ–Ω–∏–µ, —á—Ç–æ –Ω–∞ –º–æ–µ–π –ø–æ–ø—ã—Ç–∫–µ –∏–∑–º–µ–Ω–∏—Ç—å —Å–∏—Ç—É–∞—Ü–∏—é —Å —É–¥–æ—Å–∞–º–∏ –ø–æ—Å—Ç–∞–≤–∏–ª–∏ –∫—Ä–µ—Å—Ç —Å—Ä–∞–∑—É –ø–æ—Å–ª–µ —Ç–æ–≥–æ, –∫–∞–∫ –ø–æ—Å–º–æ—Ç—Ä–µ–ª–∏ –æ—Ü–µ–Ω–∫–∏ –∑–∞ –ø—Ä–æ—à–ª—ã–µ —Å–µ–º–µ—Å—Ç—Ä—ã.";–ü—Ä–æ–≤–µ—Ä–∏—Ç—å –≤—Ä—É—á–Ω—É—é
"–ü–æ—Å–ª–µ –ø—Ä–æ—à–µ–¥—à–µ–≥–æ —Ü–∏–∫–ª–∞ –ø–æ –æ—Ç–æ—Ä–∏–Ω–æ–ª–∞—Ä–∏–Ω–≥–æ–ª–æ–≥–∏–∏ —Ö–æ—á—É —Å–∫–∞–∑–∞—Ç—å –æ–≥—Ä–æ–º–Ω–æ–µ —Å–ø–∞—Å–∏–±–æ –î–º–∏—Ç—Ä–∏—é –°—Ç–∞–Ω–∏—Å–ª–∞–≤–æ–≤–∏—á—É –û–≥–æ—Ä–æ–¥–Ω–∏–∫–æ–≤—É –∑–∞ –æ—á–µ–Ω—å –∏–Ω—Ç–µ—Ä–µ—Å–Ω—ã–µ –ø–∞—Ä—ã, –ø–æ–¥—Ä–æ–±–Ω–æ–µ –æ–±—ä—è—Å–Ω–µ–Ω–∏–µ —Ç–µ–æ—Ä–∏–∏, —á–µ–ª–æ–≤–µ—á–Ω–æ–µ –æ—Ç–Ω–æ—à–µ–Ω–∏–µ –∫ —Å—Ç—É–¥–µ–Ω—Ç–∞–º, –≤–µ–∂–ª–∏–≤–æ—Å—Ç—å, —á—É–≤—Å—Ç–≤–æ —é–º–æ—Ä–∞ –∏ –∑–∞ —Ç–∞–∫–æ–π –∫–∞—á–µ—Å—Ç–≤–µ–Ω–Ω—ã–π –ø–æ–¥—Ö–æ–¥ –∫ –ø—Ä–µ–ø–æ–¥–∞–≤–∞–Ω–∏—é. –î–º–∏—Ç—Ä–∏–π –°—Ç–∞–Ω–∏—Å–ª–∞–≤–æ–≤–∏—á, –í–∞—à –ø—Ä–∏–º–µ—Ä –≤–¥–æ—Ö–Ω–æ–≤–ª—è–µ—Ç!
–¢–∞–∫ –∂–µ —Ö–æ—á—É –ø–æ–±–ª–∞–≥–æ–¥–∞—Ä–∏—Ç—å –ê–ª–µ–∫—Å–∞–Ω–¥—Ä–∞ –í–ª–∞–¥–∏–º–∏—Ä–æ–≤–∏—á–∞ –ì—É—Ä–æ–≤–∞ –∑–∞ –∞–∫—Ç—É–∞–ª—å–Ω—ã–µ –∏ –∏–Ω—Ñ–æ—Ä–º–∞—Ç–∏–≤–Ω—ã–µ –ª–µ–∫—Ü–∏–∏, –≥–æ—Ç–æ–≤–Ω–æ—Å—Ç—å –æ—Ç–≤–µ—Ç–∏—Ç—å –Ω–∞ –ª—é–±—ã–µ –≤–æ–ø—Ä–æ—Å—ã. 
–û—Ç–¥–µ–ª—å–Ω–æ–µ —Å–ø–∞—Å–∏–±–æ –∫–∞—Ñ–µ–¥—Ä–µ –∑–∞ –≤–æ–∑–º–æ–∂–Ω–æ—Å—Ç—å –ø–æ–ª—É—á–∏—Ç—å –ø—Ä–∞–∫—Ç–∏—á–µ—Å–∫–∏–µ –Ω–∞–≤—ã–∫–∏. –ü–æ –æ–∫–æ–Ω—á–∞–Ω–∏–∏ —Ü–∏–∫–ª–∞ —É –º–µ–Ω—è –µ—Å—Ç—å –æ—â—É—â–µ–Ω–∏–µ, —á—Ç–æ —è –º–Ω–æ–≥–æ–µ –∑–Ω–∞—é –∏ —É–º–µ—é - —ç—Ç–æ –¥–æ—Ä–æ–≥–æ–≥–æ —Å—Ç–æ–∏—Ç.
–ë–ª–∞–≥–æ–¥–∞—Ä—é!";–ú—É—Å–æ—Ä
"–ü—Ä–∏–Ω—É–∂–¥–∞—é—Ç –∫ ¬´–ø–∞—Ç—Ä–∏–æ—Ç–∏–∑–º—É¬ª.

–í –ß–µ–±–æ–∫—Å–∞—Ä–∞—Ö –¥–≤–æ–µ –ø–∞—Ä–Ω–µ–π —Ä–∞–∑–±–∏–ª–∏ Z–≤–∞—Å—Ç–∏–∫—É, –Ω–æ –ø–æ–ø–∞–ª–∏ –Ω–∞ –∫–∞–º–µ—Ä—ã –≤–∏–¥–µ–æ–Ω–∞–±–ª—é–¥–µ–Ω–∏—è. –í—Å–∫–æ—Ä–µ –∏—Ö –∑–∞–¥–µ—Ä–∂–∞–ª–∏ –∏ –∑–∞—Å—Ç–∞–≤–∏–ª–∏ –∏–∑–≤–∏–Ω—è—Ç—å—Å—è, –∞ —Ç–∞–∫–∂–µ –≤—ã–ø–∏—Å–∞–ª–∏ —à—Ç—Ä–∞—Ñ —Ä–∞–∑–º–µ—Ä–æ–º 30 —Ç—ã—Å. —Ä.

–û—á–µ–≤–∏–¥–Ω–æ, —á—Ç–æ Z-—Å–∏–º–≤–æ–ª–∏–∫–∞ —Å—Ç–∞–ª–∞ —É–∂–µ –Ω–µ–∫–æ–π –∏–∫–æ–Ω–æ–π –≤ –†–æ—Å—Å–∏–∏, –∫–∞–∫ —Ä–∞–Ω–µ–µ —Å–≤–∞—Å—Ç–∏–∫–∞ –≤ –Ω–∞—Ü–∏—Å—Ç—Å–∫–æ–π –ì–µ—Ä–º–∞–Ω–∏–∏. –ï—Å–ª–∏ —Ç—ã –ª—é–±–∏—à—å —Å–≤–æ—é —Ä–æ–¥–∏–Ω—É, –Ω–æ –Ω–µ –ª—é–±–∏—à—å –≤–ª–∞—Å—Ç—å ‚Äì —Ç–µ–±—è –∑–∞—Å—Ç–∞–≤—è—Ç —Å–º–∏—Ä–∏—Ç—å—Å—è. –ü—É—Ç–∏–Ω –ø—Ä–æ—Å—Ç–æ –ø—Ä–æ–¥–æ–ª–∂–∏—Ç ¬´–æ—Å–≤–æ–±–æ–∂–¥–∞—Ç—å¬ª, –∞ Z–æ–º–±–∏—Ä–æ–≤–∞–Ω–Ω—ã–µ –ø—Ä–æ–¥–æ–ª–∂–∞—Ç –ø–∞—á–∫–∞—Ç—å —à—Ç–∞–Ω—ã –æ—Ç —Ä–∞–¥–æ—Å—Ç–∏.";–ù–µ –º—É—Å–æ—Ä
"–ê–Ω–æ–Ω
–í–æ—Ç —è —á–µ—Ç–≤–µ—Ä—Ç—ã–π –≥–æ–¥ —É—á—É—Å—å –∏ –Ω–µ –ø–æ–Ω–∏–º–∞—é, –ø–æ—á–µ–º—É –º–Ω–æ–≥–∏–µ —Å—Ç—É–¥–µ–Ω—Ç—ã —Ç–∞–∫ —Ç—Ä—è—Å—É—Ç—Å—è –Ω–∞–¥ –æ—Ü–µ–Ω–∫–∞–º–∏ –∏ –∫—Ä–∞—Å–Ω—ã–º –¥–∏–ø–ª–æ–º–æ–º? –ö—Ç–æ –≤–∞–º –≤–Ω—É—à–∏–ª, —á—Ç–æ —ç—Ç–æ –≤–∞–∂–Ω–æ –≤ –∂–∏–∑–Ω–∏ –∏ —Å—Ç–æ–∏—Ç –Ω–µ—Ä–≤–æ–≤, –∏ —á—Ç–æ –∫–æ–Ω–∫—Ä–µ—Ç–Ω–æ –∫—Ä–∞—Å–Ω—ã–π –¥–∏–ø–ª–æ–º –æ–∫—É–ø–∏—Ç—Å—è –±–æ–ª—å—à–µ –¥—Ä—É–≥–∏—Ö, –±–æ–ª–µ–µ —Ä–µ–ª–µ–≤–∞–Ω—Ç–Ω—ã—Ö –≤–ª–æ–∂–µ–Ω–∏–π –≤—Ä–µ–º–µ–Ω–∏?
–°—á–∏—Ç–∞—é, –Ω—É–∂–Ω–æ –≤–≤–æ–¥–∏—Ç—å –æ–Ω–ª–∞–π–Ω-–∫—É—Ä—Å —Å –ø—Å–∏—Ö–æ–ª–æ–≥–æ–º –ø–æ –ª–µ—á–µ–Ω–∏—é —Å–∏–Ω–¥—Ä–æ–º–∞ –æ—Ç–ª–∏—á–Ω–∏–∫–∞ –∏ –ø—Ä–æ—á–∏—Ö –ø—Ä–µ–ª–µ—Å—Ç–µ–π –ø—Ä–µ–¥—ã–¥—É—â–∏—Ö 18 –ª–µ—Ç –∂–∏–∑–Ω–∏ —Å —Ä–æ–¥–∏—Ç–µ–ª—è–º–∏";–ù–µ –º—É—Å–æ—Ä
"–ü–æ—Å–æ–≤–µ—Ç—É–π—Ç–µ –ø—Å–∏—Ö–æ–ª–æ–≥–∞, —á—Ç–æ–±—ã —Å–ø—Ä–∞–≤–∏—Ç—å—Å—è —Å –¥–µ–ø—Ä–µ—Å—Å–∏–µ–π.

–ê–Ω–æ–Ω";–ü—Ä–æ–≤–µ—Ä–∏—Ç—å –≤—Ä—É—á–Ω—É—é
"–ó–∞–º–µ—Ç–∏–ª, —á—Ç–æ –≤—Å–µ –º–Ω–æ–≥–∏–µ –º–∏—Ñ–∏—Å—Ç—ã, –∫–æ—Ç–æ—Ä—ã–µ –≤ –ø–æ—Å–ª–µ–¥—Å—Ç–≤–∏–∏ —Å—Ç–∞–ª–∏ —É—Å–ª–æ–≤–Ω–æ —É—Å–ø–µ—à–Ω—ã–º–∏ (–≤ –Ω–∞—É–∫–µ, –º–µ–Ω–µ–¥–∂–º–µ–Ω—Ç–µ, –ø–æ–ª–∏—Ç–∏–∫–µ, –∏–Ω–∂–µ–Ω–µ—Ä–∏–∏ –∏ –ø—Ä–æ—á.) –≥–æ–≤–æ—Ä—è—Ç —Å–ø–∞—Å–∏–±–æ –Ω–∞—à–µ–º—É –≤—É–∑—É. –ì–æ–≤–æ—Ä—è—Ç –æ —Ç–æ–º, —á—Ç–æ –Ω–µ—Å–º–æ—Ç—Ä—è –Ω–∞ –º–Ω–æ–≥–∏–µ –Ω–µ–¥–æ—Å—Ç–∞—Ç–∫–∏ (–∫–æ—Ç–æ—Ä—ã–µ –∫—Å—Ç–∞—Ç–∏ –µ—Å—Ç—å –Ω–µ —Ç–æ–ª—å–∫–æ –≤ –Ω–∞—à–µ–π –º–∏—Ñ—è–≥–µ), –≤—É–∑ —É—á–∏—Ç –∞–¥–∞–ø—Ç–∏—Ä–æ–≤–∞—Ç—å—Å—è, —É—á–∏—Ç—å—Å—è, —Ä–∞–±–æ—Ç–∞—Ç—å. –ò –≤–æ –º–Ω–æ–≥–æ–º –±–ª–∞–≥–æ–¥–∞—Ä—è –º–∏—Ñ–∏ —ç—Ç–∏ –ª—é–¥–∏ —Å—Ç–∞–ª–∏ —É—Å–ø–µ—à–Ω—ã–º–∏, –∏–∑–≤–µ—Å—Ç–Ω—ã–º–∏ –≤ —É–∑–∫–∏—Ö –∏–ª–∏ —à–∏—Ä–æ–∫–∏—Ö –∫—Ä—É–≥–∞—Ö, –¥–µ–ª–∞—é –¥–µ–Ω—å–≥–∏. –ü—Ä–∏ —ç—Ç–æ–º –µ—Å—Ç—å –¥—Ä—É–≥–∞—è —Å—Ç–æ—Ä–æ–Ω–∞ - —Ç—É–ø—ã–µ –ª–µ–Ω–∏–≤—ã–µ –∏–º–±–µ—Ü–∏–ª—ã, –∫–æ—Ç–æ—Ä—ã–µ –ø–∏—à—É—Ç –≤ –∫–æ–º–º–µ–Ω—Ç–∞—Ö  –æ –ø—Ä–æ–±–ª–µ–º–∞—Ö, –∫–æ—Ç–æ—Ä—ã–µ —è–∫–æ–±—ã –ø–æ–º–µ—à–∞–ª–∏ —Å—Ç–∞—Ç—å –∏–º –∫—Ä—É—Ç—ã–º–∏: ""–î—É—Ç—ã–π —Ä–µ–π—Ç–∏–Ω–≥. –ü–æ—Ñ–∏–≥–∏—Å—Ç–∏—á–Ω–æ–µ –æ—Ç–Ω–æ—à–µ–Ω–∏–µ –ø—Ä–µ–ø–æ–¥–æ–≤. –ù–µ—Å—Ç–∞–±–∏–ª—å–Ω–æ–µ —Ä–∞—Å–ø–∏—Å–∞–Ω–∏–µ.–°—Ç–∞—Ä—ã–µ —É—á–µ–±–Ω—ã–µ –ø—Ä–æ–≥—Ä–∞–º–º—ã"", ""–û–Ω–æ —Ç–æ–≥–æ –Ω–µ —Å—Ç–æ–∏—Ç"", ""–≠—Ç–æ –æ—á–µ–Ω—å –ø–ª–æ—Ö–∞—è –∏–¥–µ—è"". –õ—é–¥–∏ –≤—Å—é –∂–∏–∑–Ω—å —Å–ø–∏—Å—ã–≤–∞–ª–∏, –Ω–µ –±–æ—Ç–∞–ª–∏, –Ω–µ —Å–æ–≤–∞–ª–∏—Å—å –≤–æ –≤—Å–µ —â–µ–ª–∏, –Ω–∞ –∫–∞—Ñ–µ–¥—Ä–µ, –Ω–∞ –ø—Ä–∞–∫—Ç–∏–∫–µ, —á—Ç–æ–±—ã –ø–æ–ª—É—á–∏—Ç—å –æ–ø—ã—Ç, —Å–≤—è–∑–∏, –Ω–∞—É—á–∏—Ç—å—Å—è –Ω–æ–≤–æ–º—É. –ü—Ä–∏ —ç—Ç–æ–º –≤—ã–ø—É—Å—Ç–∏–ª–∏—Å—å –∫–æ–µ-–∫–∞–∫, –∏ —Ç–∞–∫–∏–µ —Å—Ç–æ—è—Ç —Å –¥–∏–ø–ª–æ–º–æ–º –º–∏—Ñ–∏: ""–ê –≥–¥–µ –Ω–∞—à–∏ —Å—Ç–æ —Ç—ã—â?"". –Ø —É–≥–æ—Ä–∞—é –∫–æ–Ω–µ—á–Ω–æ —Å –≤–∞—Å, –≤—ã –≤ –Ω–∞—Ç—É—Ä–µ –Ω–µ—É–¥–∞—á–Ω–∏–∫–∏)))) –Ø —Å–æ–≤—Å–µ–º –Ω–µ–¥–∞–≤–Ω–æ –≤—ã–ø—É—Å—Ç–∏–ª—Å—è –∏ —É–∂–µ –ø–æ–¥–Ω–∏–º–∞—é 110–∫. –ù–∞ 4 –∫—É—Ä—Å–µ –ø–æ–º–∏–º–æ —É—á—ë–±—ã —è –ø–æ–¥–Ω–∏–º–∞–ª 60–∫ , —á—Ç–æ –¥–∞–≤–∞–ª–æ –º–Ω–µ –∫—É—á—É –≤–æ–∑–º–æ–∂–Ω–æ—Å—Ç–µ–π. ""–ï—Å–ª–∏ —Ç—ã –¥—É–º–∞–µ—à—å, —á—Ç–æ –≤–æ–∫—Ä—É–≥ —Ç–µ–±—è –ø–∞—Ö–Ω–µ—Ç –≥–æ–≤–Ω–æ–º, —Å–∫–æ—Ä–µ–µ –≤—Å–µ–≥–æ –≥–æ–≤–Ω–æ–º –ø–∞—Ö–Ω–µ—Ç –æ—Ç —Ç–µ–±—è"". –ó–∞–¥—É–º–∞–π—Ç–µ—Å—å, –µ–±–ª–∞–Ω—ã. –ò —É–≤–∞–∂–∞–π—Ç–µ –≤–∞—à—É –ê–ª—å–º–∞-–ú–∞—Ç–µ—Ä. –ú–∏—Ñ–∏—Å—Ç–æ–≤ –º–∞–ª–æ, –Ω–æ –æ–Ω–∏ –ø–æ–≤—Å—é–¥—É. –ê–±–∏—Ç—É—Ä–∞, –≤–∞–º —Å–æ–≤–µ—Ç: –ø–æ—Å—Ç—É–ø–∞–π—Ç–µ –≤ –º–∏—Ñ–∏, —ç—Ç–æ —Å–∞–º—ã–π –æ–ø—Ç–∏–º–∞–ª—å–Ω—ã–π –≤—É–∑ –ø–æ –¥—Ä–æ—á–∫–µ –Ω–∞ —É—á—ë–±—É, –ø–æ –∑–Ω–∞–Ω–∏—è–º (–ø–æ –ø—Ä–∞–∫—Ç–∏–∫–µ –∏ –±–∞–∑–µ), –ø–æ —Å–≤—è–∑—è–º –≤–æ–≤—Ä–µ–º—è —É—á—ë–±—ã, –ø–æ –≤–æ–∑–º–æ–∂–Ω–æ—Å—Ç—è–º –ø–æ—Å–ª–µ —É–Ω–∏–≤–µ—Ä–∞.";–ü—Ä–æ–≤–µ—Ä–∏—Ç—å –≤—Ä—É—á–Ω—É—é
–Ø –æ—á–µ–Ω—å —Ä–∞–¥–∞, —á—Ç–æ –ø–æ—Å—Ç—É–ø–∞—é –∫ –í–∞–º!!!!;–ú—É—Å–æ—Ä
–ï. –ê. –ë–∞–±–∞–∫–∏–Ω—É —Å–∞–º—ã–π —Ç*–ø–æ–π –¥–∞–∂–µ —Å–¥–∞—Å—Ç, —Å–º–æ—Ç—Ä—è –∫–∞–∫ –æ–Ω –≤—Å–µ–º –ø–æ–¥—Ä—è–¥ —Å—Ç–∞–≤–∏—Ç –æ—Ü–µ–Ω–∫–∏. –¢–∞–∫ —á—Ç–æ –Ω–µ —Ä–∞–¥—É–π—Ç–µ—Å—å, —á—Ç–æ —Å–¥–∞–ª–∏ –µ–º—É, –≤—ã –Ω–µ —É–º–Ω–µ–µ –æ—Å—Ç–∞–ª—å–Ω—ã—Ö;–ù–µ –º—É—Å–æ—Ä
"–ü–æ–º–æ–≥–∏—Ç–µ –∫—Ç–æ-–Ω–∏–±—É–¥—å —Ä–µ—à–∏—Ç—å –≤–æ–ø—Ä–æ—Å —Å –∫—É—Ç–µ–ø–æ–≤—ã–º (–ü—Ä–µ–ø–æ–¥ –ø–æ –≤—Å–µ–æ–±—â–µ–π –∏—Å—Ç–æ—Ä–∏–∏) –Ω–µ –¥–æ–ø—É—Å–∫–∞–µ—Ç –∫ –∑–∞—á–µ—Ç—É , –∏–∑-–∑–∞ —Ç–æ–≥–æ —á—Ç–æ –ø–æ–ª –≥—Ä—É–ø–ø—ã –Ω–µ –ø–æ—Å–µ—â–∞–ª–∏ –ø–∞—Ä—ã –Ω–∞ –ø–æ—Å—Ç–æ—è–Ω–Ω–æ–π –æ—Å–Ω–æ–≤–µ.
1 –ö—É—Ä—Å.
–ê–Ω–æ–Ω";–ù–µ –º—É—Å–æ—Ä
"–í—Å–µ–º –ø—Ä–∏–≤–µ—Ç) –ø—Ä–æ—à—É –ø–æ–º–æ—â–∏ –∏ –ø–æ–¥—Å–∫–∞–∑–∫–∏)
–°–¥–∞–≤–∞–ª–∏ –∑–∞—á—ë—Ç —Å –æ—Ü–µ–Ω–∫–æ–π. –£ –º–µ–Ω—è –µ—Å—Ç—å –≤—Å–µ —Ä–∞–±–æ—Ç—ã, –±–æ–ª—å—à–∏–Ω—Å—Ç–≤–æ –∫–æ—Ç–æ—Ä—ã—Ö –Ω–∞ –æ—Ç–ª–∏—á–Ω–æ –∏ + —É—á–∞—Å—Ç–∏–µ –≤ –∫–æ–Ω–∫—É—Ä—Å–µ –ø–æ —ç—Ç–æ–º—É –ø—Ä–µ–¥–º–µ—Ç—É, –∑–∞ –∫–æ—Ç–æ—Ä–æ–µ —Ç–æ–∂–µ –±—ã–ª–∞ –æ–±–µ—â–∞–Ω–∞ –≤—ã—Å–æ–∫–∞—è –æ—Ü–µ–Ω–∫–∞. –¢–∞–∫ –≤–æ—Ç, –Ω–∞ –∑–∞—á–µ—Ç–µ –ø—Ä–µ–ø–æ–¥–∞–≤–∞—Ç–µ–ª—å –Ω–µ–æ–±–æ—Å–Ω–æ–≤–∞–Ω–Ω–æ –ø–æ—Å—Ç–∞–≤–∏–ª–∞ 3 –∏ –Ω–µ –¥–∞–ª–∞ —à–∞–Ω—Å–∞ –∏—Å–ø—Ä–∞–≤–∏—Ç—å. –ù–æ —É –≤—Å–µ—Ö –æ—Å—Ç–∞–ª—å–Ω—ã—Ö –æ–¥–Ω–æ–≥—Ä—É–ø–ø–Ω–∏–∫–æ–≤ –±—ã–ª –∏ –∫–∞–∫–∏–µ-—Ç–æ –æ—à–∏–±–∫–∏ –∏ –Ω–µ–¥–æ–¥–µ–ª–∞–Ω–Ω—ã–µ —Ä–∞–±–æ—Ç—ã –∏ –∏–º –ø—Ä–µ–¥–æ—Å—Ç–∞–≤–∏–ª–∏ –≤–æ–∑–º–æ–∂–Ω–æ—Å—Ç—å –Ω–∞ –∏—Å–ø—Ä–∞–≤–ª–µ–Ω–∏–µ.
–ü—Ä–µ–ø–æ–¥–∞–≤–∞—Ç–µ–ª—å –∂–µ –Ω–µ –∑–∞—Ö–æ—Ç–µ–ª–∞ —Å–æ –º–Ω–æ–π —Ä–∞–∑–≥–æ–≤–∞—Ä–∏–≤–∞—Ç—å –∏ –Ω–µ –æ–±—ä—è—Å–Ω–∏–ª–∞ –º–Ω–µ –Ω–∏—á–µ–≥–æ, –ø–æ—Å—Ç–∞–≤–∏–ª–∞ –æ—Ü–µ–Ω–∫—É –∏ –æ—Ç–Ω–µ—Å–ª–∞ –≤ –¥–µ–∫–∞–Ω–∞—Ç. 
–í –¥–µ–∫–∞–Ω–∞—Ç–µ –º–Ω–µ —Ç–æ–∂–µ –Ω–µ –ø–æ–º–æ–≥–ª–∏, –Ω–µ –ø–æ—à–ª–∏ –Ω–∞–≤—Å—Ç—Ä–µ—á—É –∏ –Ω–µ –¥–∞–ª–∏ –∏—Å–ø—Ä–∞–≤–∏—Ç—å –æ—Ü–µ–Ω–∫—É. –¢–∞–∫ —Ç–æ –±—ã –∏ –ø–æ—Ñ–∏–≥, –Ω–æ —ç—Ç–æ –µ–¥–∏–Ω—Å—Ç–≤–µ–Ω–Ω–∞—è –Ω–∏–∑–∫–∞—è –æ—Ü–µ–Ω–∫–∞ –∑–∞ –≤–µ—Å—å –ø–µ—Ä–∏–æ–¥ –æ–±—É—á–µ–Ω–∏—è –∏ + –µ—â—ë –Ω–µ–æ–±–æ—Å–Ω–æ–≤–∞–Ω–Ω–∞—è. –°–æ–≤—Å–µ–º –Ω–∏—á–µ–≥–æ –Ω–µ–ª—å–∑—è —Å–¥–µ–ª–∞—Ç—å? –ù–∏–∫–∞–∫ —É–∂–µ –Ω–µ –∏—Å–ø—Ä–∞–≤–∏—Ç—å?
–ê–Ω–æ–Ω)";–ü—Ä–æ–≤–µ—Ä–∏—Ç—å –≤—Ä—É—á–Ω—É—é
–°–∞–π—Ç —Å–≤–æ–π –ø–æ—á–∏–Ω–∏—Ç–µ. –ù–∏ —á–µ—Ä—Ç–∞ –Ω–µ —Ä–∞–±–æ—Ç–∞–µ—Ç.;–ü—Ä–æ–≤–µ—Ä–∏—Ç—å –≤—Ä—É—á–Ω—É—é
"–ê–Ω–æ–Ω
–ú–æ–∂–Ω–æ —É–∑–Ω–∞—Ç—å –ø–æ—á–µ–º—É –∫—Ç–æ-—Ç–æ —Ä–∞–±–æ—Ç–∞–µ—Ç –≤–µ—Å—å —Å–µ–º–µ—Å—Ç—Ä, —Å–¥–∞–µ—Ç –ª–∞–±—ã, –≤–ø—Ä–∏–Ω—Ü–∏–ø–µ –£–ß–ò–¢–°–Ø, –∞ –∫–æ–º—É-—Ç–æ –¥–æ—Å—Ç–∞—Ç–æ—á–Ω–æ –≤ –∫–æ–Ω—Ü–µ —Å–µ–º–µ—Å—Ç—Ä–∞ —Å–¥–∞—Ç—å –∑–∞—á—ë—Ç–∫—É, –Ω–∏—á–µ–≥–æ –Ω–µ –ø—Ä–µ–¥–æ—Å—Ç–∞–≤–∏–≤, –ø–æ—á–µ–º—É –ø—Ä–µ–ø–æ–¥–æ–≤–∞—Ç–µ–ª—å –Ω–∞ –æ—Ç–≤–∞–ª–∏ —Å—Ç–∞–≤–∏—Ç –∑–∞—á—ë—Ç, —è –Ω–µ –ø–æ–Ω–∏–º–∞—é —ç—Ç–æ–π –Ω–µ—Å–ø—Ä–∞–≤–µ–¥–ª–∏–≤–æ—á—Ç–∏";–ü—Ä–æ–≤–µ—Ä–∏—Ç—å –≤—Ä—É—á–Ω—É—é
"–ê–Ω–æ–Ω
–ú–æ–∂–Ω–æ —É–∑–Ω–∞—Ç—å –ø–æ—á–µ–º—É –∫—Ç–æ-—Ç–æ —Ä–∞–±–æ—Ç–∞–µ—Ç –≤–µ—Å—å —Å–µ–º–µ—Å—Ç—Ä, —Å–¥–∞–µ—Ç –ª–∞–±—ã, –≤–ø—Ä–∏–Ω—Ü–∏–ø–µ –£–ß–ò–¢–°–Ø, –∞ –∫–æ–º—É-—Ç–æ –¥–æ—Å—Ç–∞—Ç–æ—á–Ω–æ –≤ –∫–æ–Ω—Ü–µ —Å–µ–º–µ—Å—Ç—Ä–∞ —Å–¥–∞—Ç—å –∑–∞—á—ë—Ç–∫—É, –Ω–∏—á–µ–≥–æ –Ω–µ –ø—Ä–µ–¥–æ—Å—Ç–∞–≤–∏–≤, –ø–æ—á–µ–º—É –ø—Ä–µ–ø–æ–¥–æ–≤–∞—Ç–µ–ª—å –Ω–∞ –æ—Ç–≤–∞–ª–∏ —Å—Ç–∞–≤–∏—Ç –∑–∞—á—ë—Ç, —è –Ω–µ –ø–æ–Ω–∏–º–∞—é —ç—Ç–æ–π –Ω–µ—Å–ø—Ä–∞–≤–µ–¥–ª–∏–≤–æ—á—Ç–∏";–ù–µ –º—É—Å–æ—Ä
–ï. –ê. –ë–∞–±–∞–∫–∏–Ω—É —Å–∞–º—ã–π —Ç*–ø–æ–π –¥–∞–∂–µ –ø*–¥–µ—Ä–∞—Å—Ç —Å–¥–∞—Å—Ç, —Å–º–æ—Ç—Ä—è –∫–∞–∫ –æ–Ω –≤—Å–µ–º –ø–æ–¥—Ä—è–¥ —Å—Ç–∞–≤–∏—Ç –æ—Ü–µ–Ω–∫–∏. –¢–∞–∫ —á—Ç–æ –Ω–µ —Ä–∞–¥—É–π—Ç–µ—Å—å, —á—Ç–æ —Å–¥–∞–ª–∏ –µ–º—É, –≤—ã –Ω–µ —É–º–Ω–µ–µ –æ—Å—Ç–∞–ª—å–Ω—ã—Ö;–ü—Ä–æ–≤–µ—Ä–∏—Ç—å –≤—Ä—É—á–Ω—É—é
"–Ø –±—ã —Ö–æ—Ç–µ–ª –≤—ã—Ä–∞–∑–∏—Ç—å —Å–≤–æ—é –≥–ª—É–±–æ—á–∞–π—à—É—é –±–ª–∞–≥–æ–¥–∞—Ä–Ω–æ—Å—Ç—å –∏ –±–µ–∑–º–µ—Ä–Ω–æ–µ —É–≤–∞–∂–µ–Ω–∏–µ –ø—Ä–æ—Ñ–µ—Å—Å–æ—Ä—É –º–∏–∫—Ä–æ–±–∏–æ–ª–æ–≥–∏–∏ –õ–∏—Ç—É—Å–æ–≤—É –ù–∏–∫–æ–ª–∞—é –í–∞—Å–∏–ª—å–µ–≤–∏—á—É! –°–ø–∞—Å–∏–±–æ –æ–≥—Ä–æ–º–Ω–æ–µ –∑–∞ –∏–Ω—Ç–µ—Ä–µ—Å–Ω—ã–µ –ø–∞—Ä—ã, –∑–∞ –º–æ—Ç–∏–≤–∞—Ü–∏—é —É—á–∏—Ç—å –í–∞—à –ø—Ä–µ–¥–º–µ—Ç, –∑–∞ —á–µ–ª–æ–≤–µ—á–µ—Å–∫–æ–µ –æ—Ç–Ω–æ—à–µ–Ω–∏–µ –∫ –Ω–∞–º, –∑–∞ —ç—Ç–æ—Ç –≥–æ–¥, –∑–∞ —Ç–æ, —á—Ç–æ –º–∏–∫—Ä–æ–±–∏–æ–ª–æ–≥–∏—è - —Å—Ç–∞–ª–∞ —Ç–µ–º –ø—Ä–µ–¥–º–µ—Ç–æ–º, –Ω–∞ –∫–æ—Ç–æ—Ä—ã–π —Ö–æ—á–µ—Ç—Å—è —Ö–æ–¥–∏—Ç—å.
–ü–æ–±–æ–ª—å—à–µ –±—ã —Ç–∞–∫–∏—Ö –ø—Ä–µ–ø–æ–¥–∞–≤–∞—Ç–µ–ª–µ–π!
–ú–æ–∂–Ω–æ –Ω–µ –∞–Ω–æ–Ω–∏–º–Ω–æ.";–ù–µ –º—É—Å–æ—Ä
–í—Å–µ–º –ø—Ä–∏–≤–µ—Ç. –û–±—ä—è—Å–Ω–∏—Ç–µ –º–Ω–µ, –ø–æ–∂–∞–ª—É–π—Å—Ç–∞, —è –≤–∏–¥–∏–º–æ, —á—Ç–æ-—Ç–æ –Ω–µ –ø–æ–Ω–∏–º–∞—é üôÑ –ü–æ—Å—Ç—É–ø–∏–ª–∞ –Ω–∞ –¥–∏—Å—Ç–∞–Ω—Ç, –ø–æ—Ç–æ–º—É —á—Ç–æ –¥–µ—Ç–∏ + –¥–æ–º + —Ä–∞–±–æ—Ç–∞ = –Ω–µ –ø–æ–∑–≤–æ–ª—è—é—Ç —É—á–∏—Ç—å—Å—è –∑–∞–æ—á–Ω–æ (–∫–ª–∞—Å—Å–∏—á–µ—Å–∫–∏) üò¨ –ö–∞–∫ —è —Ä–∞—Å—Å—É–∂–¥–∞—é. –í —Ç–µ—á–µ–Ω–∏–µ —Å–µ–º–µ—Å—Ç—Ä–∞ –∏–∑—É—á–∞—é –ª–µ–∫—Ü–∏–∏, –¥–æ–ø. –ª–∏—Ç–µ—Ä–∞—Ç—É—Ä—É, –ø—Ä–æ—Å–º–∞—Ç—Ä–∏–≤–∞—é –≤–µ–±–∏–Ω–∞—Ä—ã. –ê –≤ —Å–µ—Å—Å–∏—é, –∫–æ–≥–¥–∞ –º–Ω–µ –ø—Ä–µ–¥–æ—Å—Ç–∞–≤–ª—è—é—Ç –Ω–∞ —Ä–∞–±–æ—Ç–µ –∑–∞–∫–æ–Ω–Ω—ã–π —É—á–µ–Ω–∏—á–µ—Å–∫–∏–π –æ—Ç–ø—É—Å–∫, –≤—ã–ø–æ–ª–Ω—è—é –≤—Å–µ —Ç–µ—Å—Ç—ã, –ø—Ä–∞–∫—Ç–∏—á–µ—Å–∫–∏–µ —Ä–∞–±–æ—Ç—ã, –∫—É—Ä—Å–æ–≤—É—é. –î–æ —Å–µ—Å—Å–∏–∏ —É –º–µ–Ω—è –Ω–µ—Ç –≤—Ä–µ–º–µ–Ω–∏ —ç—Ç–∏–º –∑–∞–Ω–∏–º–∞—Ç—å—Å—è, –ø–æ—á–µ–º—É –∏ –≤—ã–±—Ä–∞–ª–∞ —Ç–∞–∫—É—é —Ñ–æ—Ä–º—É –æ–±—É—á–µ–Ω–∏—è. –ò –≤–æ—Ç —Å–∏–∂—É —è —Å –∫—É—á–µ–π –Ω–µ –ø—Ä–æ–≤–µ—Ä–µ–Ω–Ω—ã—Ö –ø—Ä–µ–ø–æ–¥–∞–≤–∞—Ç–µ–ª—è–º–∏ –ø—Ä–∞–∫—Ç–∏—á–µ—Å–∫–∏—Ö —Ä–∞–±–æ—Ç –∏ –Ω–µ—É–¥–∞–º–∏ –∏–∑-–∑–∞ —ç—Ç–æ–≥–æ –ø–æ –ø—Ä–µ–¥–º–µ—Ç–∞–º, –∏ –¥—É–º–∞—é. –ì–¥–µ —è –ø—Ä–æ—Å—á–∏—Ç–∞–ª–∞—Å—å? –í—Ä–æ–¥–µ –¥–æ –ø–æ—Å—Ç—É–ø–ª–µ–Ω–∏—è –º–Ω–µ –∫—É—Ä–∞—Ç–æ—Ä –æ–±—ä—è—Å–Ω–∏–ª, —á—Ç–æ —Ç–∞–∫ –º–æ–∂–Ω–æ —É—á–∏—Ç—å—Å—è. –ù–æ –ø—Ä–µ–ø–æ–¥–∞–≤–∞—Ç–µ–ª–∏ –Ω–µ –¥–æ–≤–æ–ª—å–Ω—ã, —á—Ç–æ –≤ —Å–µ—Å—Å–∏—é –æ—Ç–ø—Ä–∞–≤–ª—è—é—Ç —Å—Ç—É–¥–µ–Ω—Ç—ã —Ä–∞–±–æ—Ç—ã üò≥ –£ –º–µ–Ω—è –Ω–µ –ø—Ä–æ–≤–µ—Ä–µ–Ω–æ –±–æ–ª—å—à–µ –ø–æ–ª–æ–≤–∏–Ω—ã –ø–∏—Å—å–º–µ–Ω–Ω—ã—Ö —Ä–∞–±–æ—Ç. –ü—Ä–µ–ø–æ–¥–∞–≤–∞—Ç–µ–ª–∏ –Ω–µ –æ—Ç–≤–µ—á–∞—é—Ç –Ω–∞ —Ñ–æ—Ä—É–º–µ. –ò –≤–∏–¥–∏–º–æ, —É–∂–µ –Ω–µ –±—É–¥—É—Ç –Ω–∏—á–µ–≥–æ –ø—Ä–æ–≤–µ—Ä—è—Ç—å. –ú–µ–Ω—è –æ—Ç—á–∏—Å–ª—è—Ç? –ö–∞–∫ –º–∞–º—ã —Å –¥–µ—Ç—å–º–∏ –∏ —Ä–∞–±–æ—Ç–æ–π, —É—Å–ø–µ–≤–∞—é—Ç –≤ —Ç–µ—á–µ–Ω–∏–µ —Å–µ–º–µ—Å—Ç—Ä–∞ –≤—ã–ø–æ–ª–Ω—è—Ç—å –ø–∏—Å—å–º–µ–Ω–Ω—ã–µ —Ä–∞–±–æ—Ç—ã? –ü–æ–¥–µ–ª–∏—Ç–µ—Å—å –æ–ø—ã—Ç–æ–º! –∞–Ω–æ–Ω–∏–º–Ω–æ üôèüèª;–ü—Ä–æ–≤–µ—Ä–∏—Ç—å –≤—Ä—É—á–Ω—É—é
–í—Å–µ–º –ø—Ä–∏–≤–µ—Ç. –û–±—ä—è—Å–Ω–∏—Ç–µ –º–Ω–µ, –ø–æ–∂–∞–ª—É–π—Å—Ç–∞, —è –≤–∏–¥–∏–º–æ, —á—Ç–æ-—Ç–æ –Ω–µ –ø–æ–Ω–∏–º–∞—é üôÑ –ü–æ—Å—Ç—É–ø–∏–ª–∞ –Ω–∞ –¥–∏—Å—Ç–∞–Ω—Ç, –ø–æ—Ç–æ–º—É —á—Ç–æ –¥–µ—Ç–∏ + –¥–æ–º + —Ä–∞–±–æ—Ç–∞ = –Ω–µ –ø–æ–∑–≤–æ–ª—è—é—Ç —É—á–∏—Ç—å—Å—è –∑–∞–æ—á–Ω–æ (–∫–ª–∞—Å—Å–∏—á–µ—Å–∫–∏) üò¨ –ö–∞–∫ —è —Ä–∞—Å—Å—É–∂–¥–∞—é. –í —Ç–µ—á–µ–Ω–∏–µ —Å–µ–º–µ—Å—Ç—Ä–∞ –∏–∑—É—á–∞—é –ª–µ–∫—Ü–∏–∏, –¥–æ–ø. –ª–∏—Ç–µ—Ä–∞—Ç—É—Ä—É, –ø—Ä–æ—Å–º–∞—Ç—Ä–∏–≤–∞—é –≤–µ–±–∏–Ω–∞—Ä—ã. –ê –≤ —Å–µ—Å—Å–∏—é, –∫–æ–≥–¥–∞ –º–Ω–µ –ø—Ä–µ–¥–æ—Å—Ç–∞–≤–ª—è—é—Ç –Ω–∞ —Ä–∞–±–æ—Ç–µ –∑–∞–∫–æ–Ω–Ω—ã–π —É—á–µ–Ω–∏—á–µ—Å–∫–∏–π –æ—Ç–ø—É—Å–∫, –≤—ã–ø–æ–ª–Ω—è—é –≤—Å–µ —Ç–µ—Å—Ç—ã, –ø—Ä–∞–∫—Ç–∏—á–µ—Å–∫–∏–µ —Ä–∞–±–æ—Ç—ã, –∫—É—Ä—Å–æ–≤—É—é. –î–æ —Å–µ—Å—Å–∏–∏ —É –º–µ–Ω—è –Ω–µ—Ç –≤—Ä–µ–º–µ–Ω–∏ —ç—Ç–∏–º –∑–∞–Ω–∏–º–∞—Ç—å—Å—è, –ø–æ—á–µ–º—É –∏ –≤—ã–±—Ä–∞–ª–∞ —Ç–∞–∫—É—é —Ñ–æ—Ä–º—É –æ–±—É—á–µ–Ω–∏—è. –ò –≤–æ—Ç —Å–∏–∂—É —è —Å –∫—É—á–µ–π –Ω–µ –ø—Ä–æ–≤–µ—Ä–µ–Ω–Ω—ã—Ö –ø—Ä–µ–ø–æ–¥–∞–≤–∞—Ç–µ–ª—è–º–∏ –ø—Ä–∞–∫—Ç–∏—á–µ—Å–∫–∏—Ö —Ä–∞–±–æ—Ç –∏ –Ω–µ—É–¥–∞–º–∏ –∏–∑-–∑–∞ —ç—Ç–æ–≥–æ –ø–æ –ø—Ä–µ–¥–º–µ—Ç–∞–º, –∏ –¥—É–º–∞—é. –ì–¥–µ —è –ø—Ä–æ—Å—á–∏—Ç–∞–ª–∞—Å—å? –í—Ä–æ–¥–µ –¥–æ –ø–æ—Å—Ç—É–ø–ª–µ–Ω–∏—è –º–Ω–µ –∫—É—Ä–∞—Ç–æ—Ä –æ–±—ä—è—Å–Ω–∏–ª, —á—Ç–æ —Ç–∞–∫ –º–æ–∂–Ω–æ —É—á–∏—Ç—å—Å—è. –ù–æ –ø—Ä–µ–ø–æ–¥–∞–≤–∞—Ç–µ–ª–∏ –Ω–µ –¥–æ–≤–æ–ª—å–Ω—ã, —á—Ç–æ –≤ —Å–µ—Å—Å–∏—é –æ—Ç–ø—Ä–∞–≤–ª—è—é—Ç —Å—Ç—É–¥–µ–Ω—Ç—ã —Ä–∞–±–æ—Ç—ã üò≥ –£ –º–µ–Ω—è –Ω–µ –ø—Ä–æ–≤–µ—Ä–µ–Ω–æ –±–æ–ª—å—à–µ –ø–æ–ª–æ–≤–∏–Ω—ã –ø–∏—Å—å–º–µ–Ω–Ω—ã—Ö —Ä–∞–±–æ—Ç. –ü—Ä–µ–ø–æ–¥–∞–≤–∞—Ç–µ–ª–∏ –Ω–µ –æ—Ç–≤–µ—á–∞—é—Ç –Ω–∞ —Ñ–æ—Ä—É–º–µ. –ò –≤–∏–¥–∏–º–æ, —É–∂–µ –Ω–µ –±—É–¥—É—Ç –Ω–∏—á–µ–≥–æ –ø—Ä–æ–≤–µ—Ä—è—Ç—å. –ú–µ–Ω—è –æ—Ç—á–∏—Å–ª—è—Ç? –ö–∞–∫ –º–∞–º—ã —Å –¥–µ—Ç—å–º–∏ –∏ —Ä–∞–±–æ—Ç–æ–π, —É—Å–ø–µ–≤–∞—é—Ç –≤ —Ç–µ—á–µ–Ω–∏–µ —Å–µ–º–µ—Å—Ç—Ä–∞ –≤—ã–ø–æ–ª–Ω—è—Ç—å –ø–∏—Å—å–º–µ–Ω–Ω—ã–µ —Ä–∞–±–æ—Ç—ã? –ü–æ–¥–µ–ª–∏—Ç–µ—Å—å –æ–ø—ã—Ç–æ–º! –∞–Ω–æ–Ω–∏–º–Ω–æ üôèüèª;–ù–µ –º—É—Å–æ—Ä
"–ù–∞—à –í–£–ó —Å–∞–º—ã–π –ª—É—á—à–∏–π! 
–ê–±–∏—Ç—É—Ä–∏–µ–Ω—Ç—ã, –Ω–µ –∏–¥–∏—Ç–µ –∫ –Ω–∞–º!";–ù–µ –º—É—Å–æ—Ä
"–ù–∞—à –í–£–ó —Å–∞–º—ã–π –ª—É—á—à–∏–π! 
–ê–±–∏—Ç—É—Ä–∏–µ–Ω—Ç—ã, –Ω–µ –∏–¥–∏—Ç–µ –∫ –Ω–∞–º!";–ù–µ –º—É—Å–æ—Ä
"–ù–∞—à –í–£–ó —Å–∞–º—ã–π –ª—É—á—à–∏–π! 
–ê–±–∏—Ç—É—Ä–∏–µ–Ω—Ç—ã, –Ω–µ –∏–¥–∏—Ç–µ –∫ –Ω–∞–º!";–ü—Ä–æ–≤–µ—Ä–∏—Ç—å –≤—Ä—É—á–Ω—É—é
"–ù–∞—à –í–£–ó —Å–∞–º—ã–π –ª—É—á—à–∏–π! 
–ê–±–∏—Ç—É—Ä–∏–µ–Ω—Ç—ã, –Ω–µ –∏–¥–∏—Ç–µ –∫ –Ω–∞–º!";–ü—Ä–æ–≤–µ—Ä–∏—Ç—å –≤—Ä—É—á–Ω—É—é
"–≤—Å–µ–º –ø—Ä–∏–≤–µ—Ç, —Å—ä–µ–ª –ø–æ –Ω–µ–∑–Ω–∞–Ω–∏—é —Ö–æ—Ç–¥–æ–≥ –∏–∑ –±—É—Ñ–µ—Ç–∞, –±–ª*, —Ö*–µ–≤–∏—Ç –¥–æ —Å–∏—Ö –ø–æ—Ä, —Ç–æ –ª–∏ –º–Ω–µ —Ç–∞–∫ –Ω–µ –≤–µ–∑—ë—Ç, —Ç–æ –ª–∏ —Ö*–π–Ω—è –∞ –Ω–µ —Å–æ—Å–∏—Å–∫–∏ –≤ –º–∏—Ä—ç–∞
–≤—Å–µ–º –≥–ª";–ù–µ –º—É—Å–æ—Ä
"–û–±–∏–¥–Ω–æ –∫–∞–∫-—Ç–æ, —á—Ç–æ —É–Ω–∏–≤–µ—Ä —Å—á–∏—Ç–∞–µ—Ç –∑–∞–æ—á–Ω–∏–∫–æ–≤ –Ω–µ–≤–∞–∂–Ω—ã–º–∏ –¥–ª—è —Å–µ–±—è. –ï–º—É –∂–∞–ª–∫–æ –¥–ª—è –Ω–∏—Ö –ø—Ä–æ–≤–µ—Å—Ç–∏ —Ç–æ—Ä–∂–µ—Å—Ç–≤–µ–Ω–Ω–æ–µ –≤—Ä—É—á–µ–Ω–∏–µ –¥–∏–ø–ª–æ–º–æ–≤
–ê–Ω–æ–Ω";–ú—É—Å–æ—Ä
"–∂–∞–ª–µ—é, —á—Ç–æ –ø–æ—Å—Ç—É–ø–∏–ª –≤ –≤—ã—à–∫—É:/ –¥—Ä—É–∑—å—è –∏–∑ –¥—Ä—É–≥–∏—Ö –≤—É–∑–æ–≤ —Ä–∞—Å—Å–∫–∞–∑—ã–≤–∞—é—Ç, –∫–∞–∫ —É –Ω–∏—Ö –∫—Ä—É—Ç–æ, –∞ —è —Å–∏–∂—É –∏ –ø–æ–Ω–∏–º–∞—é, —á—Ç–æ –º–Ω–µ —Ç—É—Ç –Ω–µ –Ω—Ä–∞–≤–∏—Ç—Å—è. –≤–æ–∑–º–æ–∂–Ω–æ –¥–µ–ª–æ –≤–æ –º–Ω–µ‚Ä¶—Ä–µ–±—è—Ç, –ø–æ–¥–∫–∏–Ω—å—Ç–µ –º–æ—Ç–∏–≤–∞—Ü–∏–∏, –ø–æ–∂–∞–ª—É–π—Å—Ç–∞ 
–∞–Ω–æ–Ω";–ù–µ –º—É—Å–æ—Ä
–ü–æ—á–µ–º—É –ø–µ—Ä–µ—Å–¥–∞—á–∞ –ª–∏—à–∞–µ—Ç —Å—Ç–∏–ø–µ–Ω–¥–∏–∏, –Ω–æ –Ω–µ –ª–∏—à–∞–µ—Ç –∫—Ä–∞—Å–Ω–æ–≥–æ –¥–∏–ø–ª–æ–º–∞, –µ—Å–ª–∏ –ø–µ—Ä–µ—Å–¥–∞—Ç—å –Ω–∞ 4-5? –¢–æ–≥–¥–∞ —É–∂ —Å–¥–µ–ª–∞–π—Ç–µ –æ—Ç–º–µ—Ç–∫—É –≤ –¥–∏–ø–ª–æ–º–∞—Ö, —á—Ç–æ —ç—Ç–∞ —Ö–æ—Ä–æ—à–∞—è –æ—Ü–µ–Ω–∫–∞ –±—ã–ª–∞ –ø–æ–ª—É—á–µ–Ω–∞ –Ω–µ –Ω–∞ –æ—Å–Ω–æ–≤–Ω–æ–º —ç–∫–∑–∞–º–µ–Ω–µ, –±—É–¥–µ—Ç —á–µ—Å—Ç–Ω–µ–µ.;–ü—Ä–æ–≤–µ—Ä–∏—Ç—å –≤—Ä—É—á–Ω—É—é
"–ü–æ—á–µ–º—É —É –Ω–µ–∫–æ—Ç–æ—Ä—ã—Ö –≤—É–∑–æ–≤ (–ú–ì–£,–í–®–≠,–ú–ì–ò–ú–û) –¥–∏–ø–ª–æ–º—ã —Ä–∞–∑–º–µ—Ä–∞ –≤ –ê4, —Ç–∞–∫ –≥–æ—Ä–∞–∑–¥–æ –∫—Ä–∞—Å–∏–≤–µ–µ –∏ –¥–∞–∂–µ —Ö–æ—á–µ—Ç—Å—è —Å—Ñ–æ—Ç–æ–≥—Ä–∞—Ñ–∏—Ä–æ–≤–∞—Ç—å—Å—è —Å –¥–∏–ø–ª–æ–º–æ–º ‚Ä¶
–ê –Ω–∞—à–∏ –≤ –†–£–î–ù –¥–∏–ø–ª–æ–º—ã –º–∞–ª–µ–Ω—å–∫–∏–µ, –∫–∞–∫-–±—É–¥—Ç–æ –ø–æ–ª—É—á–∏–ª –¥–∏–ø–ª–æ–º –∫–∞–∫–æ–π-—Ç–æ —à–∞—Ä–∞–≥–∏ –∏–ª–∏ –∫–æ–ª–ª–µ–¥–∂–∞ ü•≤ –ö—É–¥–∞ –æ–±—Ä–∞—Ç–∏—Ç—å—Å—è, —á—Ç–æ–±—ã –ø–æ–º–µ–Ω—è–ª–∏ –¥–∏–ø–ª–æ–º—ã –≤ –†–£–î–ù?üò≠üòÇ

–∞–Ω–æ–Ω–∏–º–Ω–æ";–ù–µ –º—É—Å–æ—Ä
"–•–æ—á—É —Å–∫–∞–∑–∞—Ç—å, —á—Ç–æ –î—å—è—á–µ–Ω–∫–æ –ú. –ò. –ª—É—á—à–∏–π –ø—Ä–µ–ø–æ–¥ –ø–æ —Ç–µ—Ä–º–µ—Ö—É –≤ –º–∏—Ä–µ‚ù§‚ù§‚ù§

(–ê–Ω–æ–Ω)";–ü—Ä–æ–≤–µ—Ä–∏—Ç—å –≤—Ä—É—á–Ω—É—é
"–í—Å–µ–º –∑–¥—Ä–∞–≤—Å—Ç–≤—É–π—Ç–µ! 
–•–æ—Ç–µ–ª–∞ –±—ã –ø–æ–¥–Ω—è—Ç—å –ø—Ä–æ–±–ª–µ–º—É —Å–±–æ—Ä–∞ –¥–µ–Ω–µ–≥ –¥–ª—è –ø—Ä–µ–ø–æ–¥–∞–≤–∞—Ç–µ–ª–µ–π –ì–æ—Å—É–¥–∞—Ä—Å—Ç–≤–µ–Ω–Ω–æ–π –∏—Ç–æ–≥–æ–≤–æ–π –∞—Ç—Ç–µ—Å—Ç–∞—Ü–∏–∏. –õ–∞–¥–Ω–æ, —Ü–≤–µ—Ç—ã, –≤–æ–¥–∞, –Ω–µ–º–Ω–æ–≥–æ —Ç–∞–º —Å—É—Ö–æ—Ñ—Ä—É–∫—Ç–æ–≤. –ù–∞–≤–µ—Ä–Ω–æ–µ, –Ω–µ–º–Ω–æ–≥–æ –±—É–¥–µ—Ç –¥–µ–Ω–µ–≥ –Ω–∞ —Å–±–æ—Ä—ã. –ù–æ! –ù–µ–∫–æ—Ç–æ—Ä—ã–µ —Å–æ–±–∏—Ä–∞—é—Ç –ø–æ 2.500 —Å –∫–∞–∂–¥–æ–≥–æ –Ω–∞ 16 —á–µ–ª–æ–≤–µ–∫, –¥–ª—è —Ç–æ–≥–æ —á—Ç–æ–±—ã –∫—É–ø–∏—Ç—å —á–∞–π, –∫–æ—Ñ–µ, –µ–¥—É, –±—É–∫–µ—Ç—ã —Ü–≤–µ—Ç–æ–≤, –∑–∞–∫–∞–∑—ã–≤–∞—é—Ç –≤—Å–µ —ç—Ç–æ. –≠—Ç–æ –≤–æ–æ–±—â–µ –∑–∞—á–µ–º? –ï—Å–ª–∏ —Å –∫–∞–∂–¥–æ–≥–æ —á–µ–ª–æ–≤–µ–∫–∞ —Å–æ–±–∏—Ä–∞—Ç—å –ø–æ 2.500, —Ç–æ –≤–æ–æ–±—â–µ 40.000 –≤—ã—Ö–æ–¥–∏—Ç. –ë–µ–¥–Ω—ã–µ —Å—Ç—É–¥–µ–Ω—Ç—ã, –∫–æ—Ç–æ—Ä—ã–µ –¥—É–º–∞—é—Ç —á—Ç–æ –∑–∞–¥–æ–±—Ä—è—Ç –ø—Ä–µ–ø–æ–¥–∞–≤–∞—Ç–µ–ª–µ–π —Ç–µ–º, —á—Ç–æ –∫—É–ø—è—Ç –∏–º –ø–æ–µ—Å—Ç—å. –¶–≤–µ—Ç—ã –≤–æ–æ–±—â–µ –≤ –∫–æ–Ω—Ü–µ –∑–∞–±–∏—Ä–∞—é—Ç –º–µ—Ç–æ–¥–∏—Å—Ç—ã. –ü—Ä–µ–ø–æ–¥–∞–≤–∞—Ç–µ–ª–∏ —Ç–∞–º —Å–∏–¥—è—Ç –∏ –∫—É—à–∞—é—Ç –∏–ª–∏ —á—Ç–æ? –ü—Ä–µ–ø–æ–¥–∞–≤–∞—Ç–µ–ª–∏, –∫–æ–≥–¥–∞ —Å–º–æ—Ç—Ä—è—Ç –Ω–∞ –∑–Ω–∞–Ω–∏–µ —á–µ–ª–æ–≤–µ–∫–∞, –æ–±—è–∑–∞—Ç–µ–ª—å–Ω–æ –¥–æ–ª–∂–Ω—ã —Å–∏–¥–µ—Ç—å –∏ –Ω—é—Ö–∞—Ç—å —Ü–≤–µ—Ç—ã —á—Ç–æ –∏–º –¥–∞–ª–∏? –ò–Ω–æ–≥–¥–∞ –¥–∞–∂–µ –æ—Ç –∑–Ω–∞–∫–æ–º—ã—Ö —Å–ª—ã—à—É, —á—Ç–æ –æ–Ω–∏ –ø–æ 3.500 —Å–∫–∏–¥—ã–≤–∞—é—Ç—Å—è. –Ø –Ω–µ —Å–∫–∞–∂—É, —á—Ç–æ —è –∂–º–æ—Ç –∏ –¥–µ–Ω—å–≥–∏ –Ω–µ —Ö–æ—á—É —Å–¥–∞–≤–∞—Ç—å. –ù–æ —Å–º–æ—Ç—Ä—è —Å–µ–π—á–∞—Å–∫–ø–∫–æ–µ –≤—Ä–µ–º—è, —ç—Ç–æ –Ω–µ —Ä–∞—Ü–∏–æ–Ω–∞–ª—å–Ω–æ! –ü—Ä–æ—Å—Ç–æ —è –æ—Ç –≤—ã–ø—É—Å–∫–Ω–∏–∫–æ–≤ —Ä–∞–Ω–Ω–∏—Ö –≥–æ–¥–æ–≤ —Å–ª—ã—à–∞–ª–∞, —á—Ç–æ –æ–Ω–∏ –≤—Å–µ–≥–æ –ª–∏—à—å –ø–æ 500-600 —Å–∫–∏–¥—ã–≤–∞–ª–∏—Å—å, –∫—É–ø–∏–ª–∏ —Ç–∞–º —Ü–≤–µ—Ç—ã –∏ –≤–æ–¥–∏—á–∫–∏, –Ω–µ–º–Ω–æ–≥–æ –¥–ª—è —Å—Ç–æ–ª–∞ –∏ –≤—Å–µ. 
–ò –≤—Å–µ —ç—Ç–æ —Ç—Ä–µ–±—É–µ—Ç –¥–µ–∫–∞–Ω–∞—Ç.
–ê–Ω–æ–Ω–∏–º–Ω–æ –∞–¥–º–∏–Ω.";–ú—É—Å–æ—Ä
"–í—Å–µ–º –∑–¥—Ä–∞–≤—Å—Ç–≤—É–π—Ç–µ! 
–•–æ—Ç–µ–ª–∞ –±—ã –ø–æ–¥–Ω—è—Ç—å –ø—Ä–æ–±–ª–µ–º—É —Å–±–æ—Ä–∞ –¥–µ–Ω–µ–≥ –¥–ª—è –ø—Ä–µ–ø–æ–¥–∞–≤–∞—Ç–µ–ª–µ–π –ì–æ—Å—É–¥–∞—Ä—Å—Ç–≤–µ–Ω–Ω–æ–π –∏—Ç–æ–≥–æ–≤–æ–π –∞—Ç—Ç–µ—Å—Ç–∞—Ü–∏–∏. –õ–∞–¥–Ω–æ, —Ü–≤–µ—Ç—ã, –≤–æ–¥–∞, –Ω–µ–º–Ω–æ–≥–æ —Ç–∞–º —Å—É—Ö–æ—Ñ—Ä—É–∫—Ç–æ–≤. –ù–∞–≤–µ—Ä–Ω–æ–µ, –Ω–µ–º–Ω–æ–≥–æ –±—É–¥–µ—Ç –¥–µ–Ω–µ–≥ –Ω–∞ —Å–±–æ—Ä—ã. –ù–æ! –ù–µ–∫–æ—Ç–æ—Ä—ã–µ —Å–æ–±–∏—Ä–∞—é—Ç –ø–æ 2.500 —Å –∫–∞–∂–¥–æ–≥–æ –Ω–∞ 16 —á–µ–ª–æ–≤–µ–∫, –¥–ª—è —Ç–æ–≥–æ —á—Ç–æ–±—ã –∫—É–ø–∏—Ç—å —á–∞–π, –∫–æ—Ñ–µ, –µ–¥—É, –±—É–∫–µ—Ç—ã —Ü–≤–µ—Ç–æ–≤, –∑–∞–∫–∞–∑—ã–≤–∞—é—Ç –≤—Å–µ —ç—Ç–æ. –≠—Ç–æ –≤–æ–æ–±—â–µ –∑–∞—á–µ–º? –ï—Å–ª–∏ —Å –∫–∞–∂–¥–æ–≥–æ —á–µ–ª–æ–≤–µ–∫–∞ —Å–æ–±–∏—Ä–∞—Ç—å –ø–æ 2.500, —Ç–æ –≤–æ–æ–±—â–µ 40.000 –≤—ã—Ö–æ–¥–∏—Ç. –ë–µ–¥–Ω—ã–µ —Å—Ç—É–¥–µ–Ω—Ç—ã, –∫–æ—Ç–æ—Ä—ã–µ –¥—É–º–∞—é—Ç —á—Ç–æ –∑–∞–¥–æ–±—Ä—è—Ç –ø—Ä–µ–ø–æ–¥–∞–≤–∞—Ç–µ–ª–µ–π —Ç–µ–º, —á—Ç–æ –∫—É–ø—è—Ç –∏–º –ø–æ–µ—Å—Ç—å. –¶–≤–µ—Ç—ã –≤–æ–æ–±—â–µ –≤ –∫–æ–Ω—Ü–µ –∑–∞–±–∏—Ä–∞—é—Ç –º–µ—Ç–æ–¥–∏—Å—Ç—ã. –ü—Ä–µ–ø–æ–¥–∞–≤–∞—Ç–µ–ª–∏ —Ç–∞–º —Å–∏–¥—è—Ç –∏ –∫—É—à–∞—é—Ç –∏–ª–∏ —á—Ç–æ? –ü—Ä–µ–ø–æ–¥–∞–≤–∞—Ç–µ–ª–∏, –∫–æ–≥–¥–∞ —Å–º–æ—Ç—Ä—è—Ç –Ω–∞ –∑–Ω–∞–Ω–∏–µ —á–µ–ª–æ–≤–µ–∫–∞, –æ–±—è–∑–∞—Ç–µ–ª—å–Ω–æ –¥–æ–ª–∂–Ω—ã —Å–∏–¥–µ—Ç—å –∏ –Ω—é—Ö–∞—Ç—å —Ü–≤–µ—Ç—ã —á—Ç–æ –∏–º –¥–∞–ª–∏? –ò–Ω–æ–≥–¥–∞ –¥–∞–∂–µ –æ—Ç –∑–Ω–∞–∫–æ–º—ã—Ö —Å–ª—ã—à—É, —á—Ç–æ –æ–Ω–∏ –ø–æ 3.500 —Å–∫–∏–¥—ã–≤–∞—é—Ç—Å—è. –Ø –Ω–µ —Å–∫–∞–∂—É, —á—Ç–æ —è –∂–º–æ—Ç –∏ –¥–µ–Ω—å–≥–∏ –Ω–µ —Ö–æ—á—É —Å–¥–∞–≤–∞—Ç—å. –ù–æ —Å–º–æ—Ç—Ä—è —Å–µ–π—á–∞—Å–∫–ø–∫–æ–µ –≤—Ä–µ–º—è, —ç—Ç–æ –Ω–µ —Ä–∞—Ü–∏–æ–Ω–∞–ª—å–Ω–æ! –ü—Ä–æ—Å—Ç–æ —è –æ—Ç –≤—ã–ø—É—Å–∫–Ω–∏–∫–æ–≤ —Ä–∞–Ω–Ω–∏—Ö –≥–æ–¥–æ–≤ —Å–ª—ã—à–∞–ª–∞, —á—Ç–æ –æ–Ω–∏ –≤—Å–µ–≥–æ –ª–∏—à—å –ø–æ 500-600 —Å–∫–∏–¥—ã–≤–∞–ª–∏—Å—å, –∫—É–ø–∏–ª–∏ —Ç–∞–º —Ü–≤–µ—Ç—ã –∏ –≤–æ–¥–∏—á–∫–∏, –Ω–µ–º–Ω–æ–≥–æ –¥–ª—è —Å—Ç–æ–ª–∞ –∏ –≤—Å–µ. 
–ò –≤—Å–µ —ç—Ç–æ —Ç—Ä–µ–±—É–µ—Ç –¥–µ–∫–∞–Ω–∞—Ç.
–ê–Ω–æ–Ω–∏–º–Ω–æ –∞–¥–º–∏–Ω.";–ú—É—Å–æ—Ä
"–î–æ–±—Ä—ã–π –¥–µ–Ω—å) —Ö–æ—á—É —Å –≤–∞–º–∏ –ø–æ–¥–µ–ª–∏—Ç—å—Å—è –Ω–∞–±–æ–ª–µ–≤—à–∏–º 
—è —á–µ–ª–æ–≤–µ–∫ —Å —Å–∏–Ω–¥—Ä–æ–º–æ–º –æ—Ç–ª–∏—á–Ω–∏–∫–∞, –≤—ã–ø–æ–ª–Ω—è—é –∑–∞–¥–∞–Ω–∏—è –∏ –≤–Ω–∏–∫–∞—é –≤ –∏–Ω—Ñ–æ—Ä–º–∞—Ü–∏—é( –µ—Å—Ç–µ—Å—Ç–≤–µ–Ω–Ω–æ, —Ç—Ä–∞—á—É —É–π–º—É –≤—Ä–µ–º–µ–Ω–∏ –Ω–∞ —ç—Ç–æ)
–≤—ã–≤–æ–∂—É –≥—Ä—É–ø–ø—É –Ω–∞ –∫–æ–ª–ª–æ–∫–≤–∏—É–º–∞—Ö
–ê –ù–ê –≠–ö–ó–ê–ú–ï–ù–ï –°–¢–ê–í–Ø–¢ –ê–í–¢–û–ú–ê–¢ –í–°–ï–ú
–∏ —è —Ä–µ—à–∏–ª —ç—Ç–æ —Å–∫–∞–∑–∞—Ç—å –≤ —Å–ª—É—Ö (—Ö–µ–π—Ç –±—ã–ª –º–Ω–µ –æ–±–µ—Å–ø–µ—á–µ–Ω, –∫–æ–Ω–µ—á–Ω–æ –∂–µ)
–¥–∞, —Å–æ —Å—Ç–æ—Ä–æ–Ω—ã –ª—é–¥–µ–π, –∫–æ—Ç–æ—Ä—ã–º –Ω—É–∂–Ω–æ –ø–æ–ª—É—á–∏—Ç—å —Ç–æ–ª—å–∫–æ —ç–∫–∑–∞–º–µ–Ω- —è –ø–ª–æ—Ö–æ–π 
–≤–æ–ø—Ä–æ—Å —Å–∫–æ—Ä–µ–µ –∫ –ø—Ä–µ–ø–æ–¥–∞–≤–∞—Ç–µ–ª—è–º , –∫–æ—Ç–æ—Ä—ã–µ –æ–±–µ—Å—Ü–µ–Ω–∏–≤–∞—é—Ç —Å—Ç—É–¥–µ–Ω—Ç–æ–≤. –≤ –¥–∞–ª—å–Ω–µ–π—à–µ–º —Å—Ç—É–¥–µ–Ω—Ç —É–∂–µ –Ω–µ –±—É–¥–µ—Ç –Ω–∏—á–µ–≥–æ –æ—Å–æ–±–æ –∏–∑—É—á–∞—Ç—å,  –∑–Ω–∞—è, —á—Ç–æ —É –Ω–µ–≥–æ –≤—Å–µ —Ä–∞–≤–Ω–æ –±—É–¥–µ—Ç –∞–≤—Ç–æ–º–∞—Ç. –ª–æ–≥–∏—á–Ω–æ 
–∞–Ω–æ–Ω–∏–º–Ω–æ";–ù–µ –º—É—Å–æ—Ä
"–î–æ–±—Ä—ã–π –¥–µ–Ω—å) —Ö–æ—á—É —Å –≤–∞–º–∏ –ø–æ–¥–µ–ª–∏—Ç—å—Å—è –Ω–∞–±–æ–ª–µ–≤—à–∏–º 
—è —á–µ–ª–æ–≤–µ–∫ —Å —Å–∏–Ω–¥—Ä–æ–º–æ–º –æ—Ç–ª–∏—á–Ω–∏–∫–∞, –≤—ã–ø–æ–ª–Ω—è—é –∑–∞–¥–∞–Ω–∏—è –∏ –≤–Ω–∏–∫–∞—é –≤ –∏–Ω—Ñ–æ—Ä–º–∞—Ü–∏—é( –µ—Å—Ç–µ—Å—Ç–≤–µ–Ω–Ω–æ, —Ç—Ä–∞—á—É —É–π–º—É –≤—Ä–µ–º–µ–Ω–∏ –Ω–∞ —ç—Ç–æ)
–≤—ã–≤–æ–∂—É –≥—Ä—É–ø–ø—É –Ω–∞ –∫–æ–ª–ª–æ–∫–≤–∏—É–º–∞—Ö
–ê –ù–ê –≠–ö–ó–ê–ú–ï–ù–ï –°–¢–ê–í–Ø–¢ –ê–í–¢–û–ú–ê–¢ –í–°–ï–ú
–∏ —è —Ä–µ—à–∏–ª —ç—Ç–æ —Å–∫–∞–∑–∞—Ç—å –≤ —Å–ª—É—Ö (—Ö–µ–π—Ç –±—ã–ª –º–Ω–µ –æ–±–µ—Å–ø–µ—á–µ–Ω, –∫–æ–Ω–µ—á–Ω–æ –∂–µ)
–¥–∞, —Å–æ —Å—Ç–æ—Ä–æ–Ω—ã –ª—é–¥–µ–π, –∫–æ—Ç–æ—Ä—ã–º –Ω—É–∂–Ω–æ –ø–æ–ª—É—á–∏—Ç—å —Ç–æ–ª—å–∫–æ —ç–∫–∑–∞–º–µ–Ω- —è –ø–ª–æ—Ö–æ–π 
–≤–æ–ø—Ä–æ—Å —Å–∫–æ—Ä–µ–µ –∫ –ø—Ä–µ–ø–æ–¥–∞–≤–∞—Ç–µ–ª—è–º , –∫–æ—Ç–æ—Ä—ã–µ –æ–±–µ—Å—Ü–µ–Ω–∏–≤–∞—é—Ç —Å—Ç—É–¥–µ–Ω—Ç–æ–≤. –≤ –¥–∞–ª—å–Ω–µ–π—à–µ–º —Å—Ç—É–¥–µ–Ω—Ç —É–∂–µ –Ω–µ –±—É–¥–µ—Ç –Ω–∏—á–µ–≥–æ –æ—Å–æ–±–æ –∏–∑—É—á–∞—Ç—å,  –∑–Ω–∞—è, —á—Ç–æ —É –Ω–µ–≥–æ –≤—Å–µ —Ä–∞–≤–Ω–æ –±—É–¥–µ—Ç –∞–≤—Ç–æ–º–∞—Ç. –ª–æ–≥–∏—á–Ω–æ 
–∞–Ω–æ–Ω–∏–º–Ω–æ";–ù–µ –º—É—Å–æ—Ä
"–î–æ–±—Ä—ã–π –¥–µ–Ω—å) —Ö–æ—á—É —Å –≤–∞–º–∏ –ø–æ–¥–µ–ª–∏—Ç—å—Å—è –Ω–∞–±–æ–ª–µ–≤—à–∏–º
—è —á–µ–ª–æ–≤–µ–∫ —Å —Å–∏–Ω–¥—Ä–æ–º–æ–º –æ—Ç–ª–∏—á–Ω–∏–∫–∞, –≤—ã–ø–æ–ª–Ω—è—é –∑–∞–¥–∞–Ω–∏—è –∏ –≤–Ω–∏–∫–∞—é –≤ –∏–Ω—Ñ–æ—Ä–º–∞—Ü–∏—é( –µ—Å—Ç–µ—Å—Ç–≤–µ–Ω–Ω–æ, —Ç—Ä–∞—á—É —É–π–º—É –≤—Ä–µ–º–µ–Ω–∏ –Ω–∞ —ç—Ç–æ)
–≤—ã–≤–æ–∂—É –≥—Ä—É–ø–ø—É –Ω–∞ –∫–æ–ª–ª–æ–∫–≤–∏—É–º–∞—Ö
–ê –ù–ê –≠–ö–ó–ê–ú–ï–ù–ï –°–¢–ê–í–Ø–¢ –ê–í–¢–û–ú–ê–¢ –í–°–ï–ú
–∏ —è —Ä–µ—à–∏–ª —ç—Ç–æ —Å–∫–∞–∑–∞—Ç—å –≤ —Å–ª—É—Ö (—Ö–µ–π—Ç –±—ã–ª –º–Ω–µ –æ–±–µ—Å–ø–µ—á–µ–Ω, –∫–æ–Ω–µ—á–Ω–æ –∂–µ)
–¥–∞, —Å–æ —Å—Ç–æ—Ä–æ–Ω—ã –ª—é–¥–µ–π, –∫–æ—Ç–æ—Ä—ã–º –Ω—É–∂–Ω–æ –ø–æ–ª—É—á–∏—Ç—å —Ç–æ–ª—å–∫–æ —ç–∫–∑–∞–º–µ–Ω- —è –ø–ª–æ—Ö–æ–π
–≤–æ–ø—Ä–æ—Å —Å–∫–æ—Ä–µ–µ –∫ –ø—Ä–µ–ø–æ–¥–∞–≤–∞—Ç–µ–ª—è–º , –∫–æ—Ç–æ—Ä—ã–µ –æ–±–µ—Å—Ü–µ–Ω–∏–≤–∞—é—Ç —Å—Ç—É–¥–µ–Ω—Ç–æ–≤. –≤ –¥–∞–ª—å–Ω–µ–π—à–µ–º —Å—Ç—É–¥–µ–Ω—Ç —É–∂–µ –Ω–µ –±—É–¥–µ—Ç –Ω–∏—á–µ–≥–æ –æ—Å–æ–±–æ –∏–∑—É—á–∞—Ç—å, –∑–Ω–∞—è, —á—Ç–æ —É –Ω–µ–≥–æ –≤—Å–µ —Ä–∞–≤–Ω–æ –±—É–¥–µ—Ç –∞–≤—Ç–æ–º–∞—Ç. –ª–æ–≥–∏—á–Ω–æ
–∞–Ω–æ–Ω–∏–º–Ω–æ";–ü—Ä–æ–≤–µ—Ä–∏—Ç—å –≤—Ä—É—á–Ω—É—é
"–î–æ–±—Ä—ã–π –¥–µ–Ω—å) —Ö–æ—á—É —Å –≤–∞–º–∏ –ø–æ–¥–µ–ª–∏—Ç—å—Å—è –Ω–∞–±–æ–ª–µ–≤—à–∏–º
—è —á–µ–ª–æ–≤–µ–∫ —Å —Å–∏–Ω–¥—Ä–æ–º–æ–º –æ—Ç–ª–∏—á–Ω–∏–∫–∞, –≤—ã–ø–æ–ª–Ω—è—é –∑–∞–¥–∞–Ω–∏—è –∏ –≤–Ω–∏–∫–∞—é –≤ –∏–Ω—Ñ–æ—Ä–º–∞—Ü–∏—é( –µ—Å—Ç–µ—Å—Ç–≤–µ–Ω–Ω–æ, —Ç—Ä–∞—á—É —É–π–º—É –≤—Ä–µ–º–µ–Ω–∏ –Ω–∞ —ç—Ç–æ)
–≤—ã–≤–æ–∂—É –≥—Ä—É–ø–ø—É –Ω–∞ –∫–æ–ª–ª–æ–∫–≤–∏—É–º–∞—Ö
–ê –ù–ê –≠–ö–ó–ê–ú–ï–ù–ï –°–¢–ê–í–Ø–¢ –ê–í–¢–û–ú–ê–¢ –í–°–ï–ú
–∏ —è —Ä–µ—à–∏–ª —ç—Ç–æ —Å–∫–∞–∑–∞—Ç—å –≤ —Å–ª—É—Ö (—Ö–µ–π—Ç –±—ã–ª –º–Ω–µ –æ–±–µ—Å–ø–µ—á–µ–Ω, –∫–æ–Ω–µ—á–Ω–æ –∂–µ)
–¥–∞, —Å–æ —Å—Ç–æ—Ä–æ–Ω—ã –ª—é–¥–µ–π, –∫–æ—Ç–æ—Ä—ã–º –Ω—É–∂–Ω–æ –ø–æ–ª—É—á–∏—Ç—å —Ç–æ–ª—å–∫–æ —ç–∫–∑–∞–º–µ–Ω- —è –ø–ª–æ—Ö–æ–π
–≤–æ–ø—Ä–æ—Å —Å–∫–æ—Ä–µ–µ –∫ –ø—Ä–µ–ø–æ–¥–∞–≤–∞—Ç–µ–ª—è–º , –∫–æ—Ç–æ—Ä—ã–µ –æ–±–µ—Å—Ü–µ–Ω–∏–≤–∞—é—Ç —Å—Ç—É–¥–µ–Ω—Ç–æ–≤. –≤ –¥–∞–ª—å–Ω–µ–π—à–µ–º —Å—Ç—É–¥–µ–Ω—Ç —É–∂–µ –Ω–µ –±—É–¥–µ—Ç –Ω–∏—á–µ–≥–æ –æ—Å–æ–±–æ –∏–∑—É—á–∞—Ç—å, –∑–Ω–∞—è, —á—Ç–æ —É –Ω–µ–≥–æ –≤—Å–µ —Ä–∞–≤–Ω–æ –±—É–¥–µ—Ç –∞–≤—Ç–æ–º–∞—Ç. –ª–æ–≥–∏—á–Ω–æ
–∞–Ω–æ–Ω–∏–º–Ω–æ";–ü—Ä–æ–≤–µ—Ä–∏—Ç—å –≤—Ä—É—á–Ω—É—é
"–î–æ–±—Ä—ã–π –¥–µ–Ω—å) —Ö–æ—á—É —Å –≤–∞–º–∏ –ø–æ–¥–µ–ª–∏—Ç—å—Å—è –Ω–∞–±–æ–ª–µ–≤—à–∏–º
—è —á–µ–ª–æ–≤–µ–∫ —Å —Å–∏–Ω–¥—Ä–æ–º–æ–º –æ—Ç–ª–∏—á–Ω–∏–∫–∞, –≤—ã–ø–æ–ª–Ω—è—é –∑–∞–¥–∞–Ω–∏—è –∏ –≤–Ω–∏–∫–∞—é –≤ –∏–Ω—Ñ–æ—Ä–º–∞—Ü–∏—é( –µ—Å—Ç–µ—Å—Ç–≤–µ–Ω–Ω–æ, —Ç—Ä–∞—á—É —É–π–º—É –≤—Ä–µ–º–µ–Ω–∏ –Ω–∞ —ç—Ç–æ)
–≤—ã–≤–æ–∂—É –≥—Ä—É–ø–ø—É –Ω–∞ –∫–æ–ª–ª–æ–∫–≤–∏—É–º–∞—Ö
–ê –ù–ê –≠–ö–ó–ê–ú–ï–ù–ï –°–¢–ê–í–Ø–¢ –ê–í–¢–û–ú–ê–¢ –í–°–ï–ú
–∏ —è —Ä–µ—à–∏–ª —ç—Ç–æ —Å–∫–∞–∑–∞—Ç—å –≤ —Å–ª—É—Ö (—Ö–µ–π—Ç –±—ã–ª –º–Ω–µ –æ–±–µ—Å–ø–µ—á–µ–Ω, –∫–æ–Ω–µ—á–Ω–æ –∂–µ)
–¥–∞, —Å–æ —Å—Ç–æ—Ä–æ–Ω—ã –ª—é–¥–µ–π, –∫–æ—Ç–æ—Ä—ã–º –Ω—É–∂–Ω–æ –ø–æ–ª—É—á–∏—Ç—å —Ç–æ–ª—å–∫–æ —ç–∫–∑–∞–º–µ–Ω- —è –ø–ª–æ—Ö–æ–π
–≤–æ–ø—Ä–æ—Å —Å–∫–æ—Ä–µ–µ –∫ –ø—Ä–µ–ø–æ–¥–∞–≤–∞—Ç–µ–ª—è–º , –∫–æ—Ç–æ—Ä—ã–µ –æ–±–µ—Å—Ü–µ–Ω–∏–≤–∞—é—Ç —Å—Ç—É–¥–µ–Ω—Ç–æ–≤. –≤ –¥–∞–ª—å–Ω–µ–π—à–µ–º —Å—Ç—É–¥–µ–Ω—Ç —É–∂–µ –Ω–µ –±—É–¥–µ—Ç –Ω–∏—á–µ–≥–æ –æ—Å–æ–±–æ –∏–∑—É—á–∞—Ç—å, –∑–Ω–∞—è, —á—Ç–æ —É –Ω–µ–≥–æ –≤—Å–µ —Ä–∞–≤–Ω–æ –±—É–¥–µ—Ç –∞–≤—Ç–æ–º–∞—Ç. –ª–æ–≥–∏—á–Ω–æ
–∞–Ω–æ–Ω–∏–º–Ω–æ";–ù–µ –º—É—Å–æ—Ä
"–î–æ–±—Ä—ã–π –¥–µ–Ω—å) —Ö–æ—á—É —Å –≤–∞–º–∏ –ø–æ–¥–µ–ª–∏—Ç—å—Å—è –Ω–∞–±–æ–ª–µ–≤—à–∏–º
—è —á–µ–ª–æ–≤–µ–∫ —Å —Å–∏–Ω–¥—Ä–æ–º–æ–º –æ—Ç–ª–∏—á–Ω–∏–∫–∞, –≤—ã–ø–æ–ª–Ω—è—é –∑–∞–¥–∞–Ω–∏—è –∏ –≤–Ω–∏–∫–∞—é –≤ –∏–Ω—Ñ–æ—Ä–º–∞—Ü–∏—é( –µ—Å—Ç–µ—Å—Ç–≤–µ–Ω–Ω–æ, —Ç—Ä–∞—á—É —É–π–º—É –≤—Ä–µ–º–µ–Ω–∏ –Ω–∞ —ç—Ç–æ)
–≤—ã–≤–æ–∂—É –≥—Ä—É–ø–ø—É –Ω–∞ –∫–æ–ª–ª–æ–∫–≤–∏—É–º–∞—Ö
–ê –ù–ê –≠–ö–ó–ê–ú–ï–ù–ï –°–¢–ê–í–Ø–¢ –ê–í–¢–û–ú–ê–¢ –í–°–ï–ú
–∏ —è —Ä–µ—à–∏–ª —ç—Ç–æ —Å–∫–∞–∑–∞—Ç—å –≤ —Å–ª—É—Ö (—Ö–µ–π—Ç –±—ã–ª –º–Ω–µ –æ–±–µ—Å–ø–µ—á–µ–Ω, –∫–æ–Ω–µ—á–Ω–æ –∂–µ)
–¥–∞, —Å–æ —Å—Ç–æ—Ä–æ–Ω—ã –ª—é–¥–µ–π, –∫–æ—Ç–æ—Ä—ã–º –Ω—É–∂–Ω–æ –ø–æ–ª—É—á–∏—Ç—å —Ç–æ–ª—å–∫–æ —ç–∫–∑–∞–º–µ–Ω- —è –ø–ª–æ—Ö–æ–π
–≤–æ–ø—Ä–æ—Å —Å–∫–æ—Ä–µ–µ –∫ –ø—Ä–µ–ø–æ–¥–∞–≤–∞—Ç–µ–ª—è–º , –∫–æ—Ç–æ—Ä—ã–µ –æ–±–µ—Å—Ü–µ–Ω–∏–≤–∞—é—Ç —Å—Ç—É–¥–µ–Ω—Ç–æ–≤. –≤ –¥–∞–ª—å–Ω–µ–π—à–µ–º —Å—Ç—É–¥–µ–Ω—Ç —É–∂–µ –Ω–µ –±—É–¥–µ—Ç –Ω–∏—á–µ–≥–æ –æ—Å–æ–±–æ –∏–∑—É—á–∞—Ç—å, –∑–Ω–∞—è, —á—Ç–æ —É –Ω–µ–≥–æ –≤—Å–µ —Ä–∞–≤–Ω–æ –±—É–¥–µ—Ç –∞–≤—Ç–æ–º–∞—Ç. –ª–æ–≥–∏—á–Ω–æ
–∞–Ω–æ–Ω–∏–º–Ω–æ";–ü—Ä–æ–≤–µ—Ä–∏—Ç—å –≤—Ä—É—á–Ω—É—é
